"オブジェクト交差部分をウェイト化","Weighting object intersections"
"選択オブジェクトの重なっている部分をダイナミックペイントでウェイト化します","Weight the overlapping parts of the selected objects with dynamic paint"
"新規頂点グループ","New Vertex Group"
"他の選択オブジェクトと重なっている部分のウェイトを塗ります","I painted weight of portion that overlaps other selected objects"
"空の頂点グループを削除","Delete empty vertex groups"
".L .R などの命令規則に従って、対となる空の頂点グループを新規作成します","Creates a new pair of empty vertices according to the instruction rules such as .L and .R"
"空の頂点グループを削除","Delete empty vertex groups"
"頂点が割り当てられていない頂点グループを削除します","Delete vertex groups that have no vertex assigned"
"ミラーの対になる空頂点グループを追加","Add empty symmetry vertex group"
"軸を元に半分を選択します","Select half based on axis"
"半分を選択","Select Half"
"辺ループ選択(クリック用)","Select Edge Loop Click"
"最短パス選択(クリック用)","Select Shortest Path Click"
"選択を拡張","Select More"
"選択を縮小","Select Less"
"ミラー選択","Select Mirror"
"辺ループ選択","Select Edge Loop"
"辺リング選択","Select Multi Loop"
"追加・削除ボタン","Add / Remove Button"
"セルのウェイトを追加・削除するボタンを表示します","Add / remove cell weights"
"値と設定に一致するセルをハイライトさせます","Highlight cells that match numbers and settings"
"許容する桁数を指定できます\n(細かな桁数も一致させたい場合はより大きく、\nおおまかな値の一致ならより小さく設定してください)","Makes the specified number of digits an acceptable range\n(If you want to match the small number of digits, set it larger,\nif it is a rough match, set it smaller)"
"ハイライトさせたい値","Highlight cells with the same value."
"エンボスをなくす","No Emboss"
"桁の許容範囲","Hit Range"
"タブカテゴリー：","Tab Category:"
"ウェイトテーブル","Weight Table"
"選択頂点に値をウェイト設定します。\n編集モードでは、全ての複数オブジェクトの選択頂点に対して動作します","Set weight values ​​to selected vertices.\nIn edit mode, it works for selected vertices of all multiple objects"
"セットウェイト","Set Weight"
"値をブラシのウェイトに設定します","Set the value to the brush weight"
"ブラシのウェイトに設定","Set Weight to Brush"
"'追加'ブラシに切り替えます","Switch tool to Weight Brush 'Add'"
"'ミックス'ブラシに切り替えます","Switch tool to Weight Brush 'Mix'"
"'減算'ブラシに切り替えます","Switch tool to Weight Brush 'SUB'"
"「アクティブ頂点グループ」のウェイトを、一番高い値を1.0として正規化します","Normalize the highest value to 1.0 for the 'active vertex group' weight"
"「すべての頂点グループ」のウェイトを、頂点ごとのウェイト合計を1.0として正規化します","Normalize the weights of 'all vertex groups' with the sum of the weights per vertex being 1.0"
"「デフォームボーンで使用している頂点グループ」のウェイトを、\n頂点ごとのウェイト合計を1.0として正規化します\n(ボーン選択が必要)","Normalize the weight of the 'vertex group used in the deform bone' with the total weight per vertex as 1.0.\nBone must be selected"
"「選択ボーンで使用している頂点グループ」のウェイトを、\n頂点ごとのウェイト合計を1.0として正規化します\n(ボーン選択が必要)","Normalize the weight of the 'vertex group used in the selected bone' with the total weight per vertex as 1.0.\nBone must be selected"
"実行時に正規化しません","No normalize"
"既存のウェイトに対して「置き換え」します","'Replace' existing weights"
"既存のウェイトに対して「加算」します","'ADD' existing weights"
"既存のウェイトに対して「減算」します","'Subtract' existing weights"
"既存のウェイトに対するブレンドモード","Blend mode for existing weights"
"各ボタンの数値を変更できます","You can change the default values"
"数値設定の変更","Values Setting"
"上のボタン以外の値を設定できます。右のメニューから直接置き換え・加算・減算することができます","Values ​​other than the above button.\nYou can replace / add / subtract directly from the menu on the right"
"選択頂点のみ表示","Filter Selected Vertex"
"非表示頂点を除外","Exclude hide Vertex"
"編集モードでも表示","Also Display in Edit Mode"
"頂点インデックスを表示","Display Mesh Vertex Index"
"ハイライトオプション","Highlight Option"
"ハイライトを表示","Display Highlight"
"頂点インデックス","Vertex Index"
"空の頂点グループを暗く表示","Darken empty vertex group"
"空の頂点グループを非表示","Hide empty vertex group"
"全頂点から未割り当ての頂点グループ名を探すため、ハイポリのメッシュの場合はメニュー表示が遅くなります","Since unassigned vertex group names are searched from all vertices, the menu display will be slow in the case of high poly mesh"
"ウェイト転送","Weight Transfer"
"ウェイト転送モディファイア(選択のみ)","Weight Transfer Modifier (Only Selected)"
"ウェイト転送モディファイア","Weight Transfer Modifier"
"転送先の頂点グループがない場合は新規生成します","If there is no destination vertex group, a new one will be created"
"選択のみ","Only Select"
"モディファイアを適用","Apply Modifier"
"データレイヤーを生成","Generate Data Layers"
"アクティブ頂点グループのみ","Only Active Vertex Group"
"アクティブオブジェクトにウェイト転送モディファイアを設定します。\n選択オブジェクトのウェイトをアクティブオブジェクトに転送します。\nCtrl : モディファイアを適用","Set the weight transfer modifier on the active object.\Transfers the weight of the selected object to the active object.\nCtrl : Allpy Modifier"
"選択頂点で未使用な頂点グループのみを空頂点グループの検索対象にします","Only unused vertex groups in the selected vertices are searched for empty vertex groups"
"ウェイト転送モディファイアを適用しました","Apply Weight Transfer Modifier"
"頂点インデックス基準の割り当てに失敗しました","Vertex Index criteria allocation failed"
"コピー / ペースト","Copy / Paste"
"ウェイトをコピー","Copy Weight"
"ウェイトを貼り付け","Paste Weight"
"単一の頂点のウェイトをペーストします","Paste single vertex weights"
"オブジェクトのローカル座標を基準とした近い頂点に対して、ウェイトをペーストします。\n原点位置に対する頂点位置が同じのメッシュに対して、正確にペーストすることができます","Paste weights for close vertices relative to the object's local coordinates.\nYou can paste exactly for meshes with the same vertex position relative to the origin"
"グローバル座標を基準とした近い頂点に対して、ウェイトをペーストします。\nオブジェクトの原点に関係なく、近いメッシュに対して正確にペーストすることができます","Paste weights for close vertices relative to global coordinates.\nYou can paste exactly for close meshes regardless of the origin of the object"
"頂点インデックスが同じ頂点に対して、ウェイトをペーストします","Paste weights for vertices with the same vertex index"
"編集モードでは正確なメッシュが表示できません","Can't display the exact mesh in edit mode"
"アクティブオブジェクトがありません","No Active Object"
"頂点グループがありません","No Vertex Groups"
"リング","Ring"
"ループ","Loop"
"どの程度近い頂点を許容するか","How close vertices are near"
"その他のオブジェクトをワイヤーフレーム表示","Wireframe Display Other Object"
"頂点グループの一括リネーム","Batch Rename of Vertex Group"
"すべての選択オブジェクト","All Selected Object"
"大文字・小文字を区別","Case sensitive"
"正規表現を使用","Use Regular expressions"
"シンメトリーの対象とする頂点の許容距離","Allowable distance of vertices for symmetry"
"貼り付けるウェイトの値を調整します。この値が乗算されます","Adjust the value of the weight to be pasted. This value will be multiplied"
"ローカル空間でのペーストの場合に参照されます","Referenced when pasting in local space"
"選択オブジェクトが所持していない空の頂点グループを生成","Generate an empty vertex group that the selected object does not have"
"空の頂点グループを生成","Generate Blank Vertex Groups"
"アクティブオブジェクトの頂点グループと比較して選択オブジェクトが所持していない頂点グループを生成します","Generates a vertex group that the selected object does not have compared to the vertex group of the active object"
"選択オブジェクトのアクティブ頂点グループを同じものに切り替え","Switch the Active VG of the SelObjs to the Same"
"選択オブジェクトのアクティブ頂点グループを、アクティブオブジェクトのアクティブ頂点グループと同名のものにします。\n同名の頂点グループを所持している場合に動作します","Set the active vertex group of the selected object the same name as the active vertex group of the active object.\nIt works if you have a vertex group with the same name"
"終了時にアクティブ選択を戻す","Return active selection on exit"
"3カラム頂点グループ","3-Column Vertex Group"
"近い頂点を1つ探します","Find nearest one point"
"指定半径内の頂点全てを探します。\n重複位置に複数頂点がある場合に便利です","Find all points within radius.\nThis is useful when there are multiple vertices at overlapping positions"
"1ポイント","One Point"
"検索タイプ","Find Type"
"ウェイト調整ジェスチャー","Adjust Weight Gesture"
"マウス移動でウェイトを調整します","Adjust the weight by moving the mouse"
"アクティブVGの調整用VGを追加(ウェイト合成モディファイア)","Add VG for adjusting active VG (Weight Mix modifier)"
"アクティブ頂点グループを調整する頂点グループを作成します。ウェイト合成モディファイアを利用します。\nレイヤーのようにブレンドモードの変更・影響度の調整をすることができます","Add new vertex group to adjust the active vertex group. Use the Weight Mix modifier.\nYou can change the blend mode and adjust the degree of influence like a layer"
"ボーン階層表示を使用","Use Bone Hierarchy Display"
"選択頂点のみを対象とする","Target only selected vertices"
"選択ボーンのみ表示","Show only selected bones"
"非表示ボーンを非表示","Hide hidden bones"
"アーマチュアモディファイアに関連付けられたボーンオブジェクトにて選択しているボーンのみを表示します","Shows only the bones selected in the bone object bind with the armature modifier"
"アーマチュアモディファイアのボーンオブジェクトで非表示にしているボーンは非表示にします","Hide bones that are hidden in the bone object bind with the armature modifier"
"ウェイト合成モディファイアのメニューを表示","Show Weight Mix Modifier Menu"
"適用(同時に調整用頂点グループBを削除します)","Apply(and Remove Adjust VGroup B)"
"ウェイトをペースト(ファイルから)","Paste (From the File)"
"ペースト(クリップボードから)","Paste (From the clipboard)"
"クリップボードをファイルに書き出す","Export the clipboard to a file"
"調整レイヤーを追加 (ウェイト合成モディファイア)","Add Adjust Layer (Weight Mix Modifier)"
"マージ距離","Marge Distance"
"限定的溶解","Dissolve Limited"
"リラックスのリピート数","Relax Repeat"
"Z深度オフセット","ZDepth Offset"
"全てを正規化","Normalize All"
"選択のみオプションが有効でも全頂点が正規化されます","All vertices are normalized even if the select only option is enabled"
"ウェイト値の小数点を四捨五入する","Round Weight Value"
"ウェイトの小数点の細かな値を切り捨てることで、ウェイトデータをシンプルにします","Simplifies weight data by truncating the small decimal value of the weight"
"小数点の桁数","Number of decimal places"
"関連付けられているボーンオブジェクトをポーズモードにして、同名ボーンをアクティブ選択します。\nShift:複数選択\nAlt:ボーン選択解除のみ行う","Set the Bind bone object to pause mode and active select the bone with the same name.\nShift: Multiple selection\nAlt: Only deselect bones"
"ボーンを選択","Select Bone"
"セットウェイト機能にて、ミラーの対称として認識するネームセット。\n,('hoge','huga') のように新しいネームセットを追加することができます","A name sets that is recognized as mirror symmetry by the set weight function.\nYou can add new name sets like, ('hoge','huga')"
"ミラー頂点グループのネームセット","Mirror Vertex Group Name Sets"
"インデックステキストの色","Index Text Color"
"個別のパネルメニューで表示","Display in individual panel menu"
"ハイライト表示の範囲","Highlight Hit Range"
"その他のメニュー","Other Menu"
"貼り付けタイプ","Paste Type"
"アーマチュアモディファイアがありません","No Armature Modifier"
"選択頂点のウェイトと頂点位置のデータを、クリップボードに保存します","Saves the weight of the selected vertex and the data of the vertex position to the clipboard"
"クリップボードのウェイトデータを、選択頂点に貼り付けます","Paste the clipboard weight data to the selected vertices"
	("ALL","All VG","コピー時の全てのVGと同名のみにウェイトをペーストします"),
	("SAME_ACTIVE","Same VG when copied","コピー時のアクティブVGと同名のみに、ウェイトをペーストします"),
	("ONLY_ACTIVE","Only Active VG","現在のアクティブVGのみに、コピー時のアクティブVGのウェイトのみをペーストします"),
"全同名VGにウェイトをペーストします","Paste weights to all VGs with the same name"
"コピーした時のアクティブVGと同名のVGにのみ、ウェイトをペーストします","Paste weights only to VGs with the same name as the active VG when copied"
"コピーした時のアクティブVGのウェイトを、現在のアクティブVGにペーストします","Paste the copied active VG weights into the current active VG"
"全てのVG","All VG"
"同名の1VG","Same name 1VG"
"アクティブVGのみ","Only Active 1VG"
"頂点インデックスのテキスト (ウエイトテーブル > その他のメニュー)","Vertex Index Text (Weight Table > Other Menu)"
"メッシュオブジェクトではありません","Not Mesh Object"
"マウスドラッグで編集できるようにする","Allow editing by mouse dragging"
"Blender3.6以降、アクティブ頂点があるとマウスドラッグで値を編集できない問題を解決します。\n(アクティブ頂点がない状態にします)\nちなみに、ボックス選択やサークル選択を利用すればアクティブ頂点を発生させずに選択ができます","Solves the problem that since Blender 3.6, you cannot edit values by mouse dragging if there is an active vertex. \ɑn (makes it so that there are no active vertices)\nIncidentally, box and circle selections can be used to make selections without generating active vertices"
"復数選択オブジェクトのアクティブVGの自動切り替え","Auto switching of active VG of select objs"
"セットウェイト機能や、3カラム頂点グループメニュー内でアクティブ頂点グループの切り替えをする時、\n自動で全ての選択オブジェクトのアクティブ頂点グループを、同じ頂点グループに切り替えます。\nこれは、複数オブジェクト選択状態での編集モードでのみ動作します。\nオブジェクト分けされているパーツをまとめてウェイト編集する時に便利です","When switching the active vertex group in the set weight function or in the 3-column vertex group menu\nautomatically switch the active vertex group of all selected objects to the same vertex group. \nThis only works in edit mode with multiple objects selected. \nIt is useful when editing weights of parts that are divided into objects at once"
"ウェイトペイントモードにて、選択頂点のインデックスを3Dビュー上に表示します。\nウェイトテーブルに表示されている頂点がどれかわかりやすくなります。\n全ての選択頂点のインデックスが表示されるので、選択頂点は少ない方が見やすいです","the index of the selected vertex is displayed in the 3D view in weight painting mode.\nThis makes it easier to see which vertices are displayed in the weight table.\nSince the index of all selected vertices is displayed, the fewer the number of selected vertices, the easier it is to see"
