{
  "items": [
    { "path": "General/Separate or Join", "operator": "qm.join_separate" },
    { "path": "General/Shade Smooth or Flat", "operator": "qm.smooth" },
    { "path": "General/Hide or Unhide", "operator": "qm.local_view" },

    { "path": "General/[Separator]" },

    { "path": "General/Origin To Geometry", "operator": "qm.set_origin", "params": { "type": "GEOMETRY" } },
    { "path": "General/Origin To Bottom", "operator": "qm.set_origin", "params": { "type": "BOTTOM" } },
    { "path": "General/Origin To Cursor", "operator": "object.origin_set", "params": { "type": "ORIGIN_CURSOR", "center": "BOUNDS" } },

    { "path": "General/[Separator]" },

    { "path": "General/(Q) Toggle Proportional Editing", "operator": "qm.proportional_editing" },
    { "path": "General/(W) Toggle Wireframe", "operator": "qm.wireframe" },
    { "path": "General/(R) Rename", "operator": "qm.rename", "params": { "name": "" } },

    { "path": "General/[Separator]" },

    { "path": "General/(A) Mirror Transform", "operator": "transform.mirror" },
    { "path": "General/(D) Make Single User", "operator": "object.make_single_user", "params": { "type": "SELECTED_OBJECTS", "object": true, "obdata": true } },
    { "path": "General/(F) Make Links", "operator": "wm.call_menu", "params": { "name": "VIEW3D_MT_make_links" } },

    { "path": "General/[Separator]" },

    { "path": "General/(Z) Make Parent", "operator": "object.parent_set", "params": { "type": "OBJECT" } },
    { "path": "General/(X) Toggle Correct Face Attributes", "operator": "qm.correct_attributes" },
    { "path": "General/(V) Clear Modifiers", "operator": "object.modifiers_clear" },

    { "path": "Select/Select Ring Or Loop", "operator": "qm.select_ring" },
    { "path": "Select/Select More Or Less", "operator": "qm.select_more" },
    { "path": "Select/Select Region or Loop", "operator": "qm.region_to_loop" },
    { "path": "Select/Select View Parallel Edges", "nodetool": "QM Select View Parallel Edges" },
    { "path": "Select/Select View Perpendicular Faces", "nodetool": "QM Select View Perpendicular Faces" },
    { "path": "Select/Expand Selection", "nodetool": "QM Expand Selection" },

    { "path": "Select/[Separator]" },

    { "path": "Select/(Q) Select Linked Flat", "operator": "mesh.faces_select_linked_flat" },
    { "path": "Select/(W) Select Loose", "operator": "mesh.select_loose" },

    { "path": "Select/[Separator]" },

    { "path": "Select/(A) Invert Selection Connected", "nodetool": "QM Invert Selection Connected" },
    { "path": "Select/(D) Select Sharp Edges", "nodetool": "QM Select Sharp Edges" },

    { "path": "Select/[Separator]" },

    { "path": "Select/(X) Noise Deselect", "nodetool": "QM Noise Deselect", "mode": "EDIT_MESH" },
    { "path": "Select/(X) Random", "operator": "object.select_random", "mode": "OBJECT" },
    { "path": "Select/(C) Checker Deselect", "operator": "mesh.select_nth" },

    { "path": "Generate/Solidify Edges", "nodetool": "QM Solidify Edges" },
    { "path": "Generate/Spin", "nodetool": "QM Spin" },
    { "path": "Generate/Selection To Box", "nodetool": "QM Selection To Box" },
    { "path": "Generate/Selection To Cylinder", "nodetool": "QM Selection To Cylinder" },
    { "path": "Generate/Circles On Faces", "nodetool": "QM Circles on Faces" },
    { "path": "Generate/Circular Array", "nodetool": "QM Circular Array" },

    { "path": "Generate/[Separator]" },

    { "path": "Generate/(Q) Instantiate/Cluster", "nodetool": "QM Cluster" },
    { "path": "Generate/(Q) Instantiate/Distribute On Edges", "nodetool": "QM Distribute On Edges" },
    { "path": "Generate/(Q) Instantiate/Distribute On Surface", "nodetool": "QM Distribute On Surface" },
    { "path": "Generate/(Q) Instantiate/Distribute In Volume", "nodetool": "QM Distribute In Volume" },
    { "path": "Generate/(W) Connect Islands", "nodetool": "QM Connect Islands" },
    { "path": "Generate/(E) Extrude Both Ways", "nodetool": "QM Extrude Both Ways" },
    { "path": "Generate/(R) Panel", "nodetool": "QM Panel" },
    { "path": "Generate/(Y) Cables", "nodetool": "QM Cables" },
    { "path": "Generate/(U) Convex Hull", "nodetool": "QM Convex Hull" },

    { "path": "Generate/[Separator]" },

    { "path": "Generate/(G) Edges To Ropes", "nodetool": "QM Edges To Ropes" },

    { "path": "Generate/[Separator]"},

    {
      "path": "Generate/(D) Mirror", "operator": "qm.mirror",
      "params": {
        "axis": [ false, false, false ],
        "bisect_flip": [ false, false, false ]
      },
      "icon": "CAMERA_DATA"
    },
    { "path": "Generate/(F) Array", "operator": "qm.array", "icon": "CAMERA_DATA"},


    { "path": "Modify/Convert To Mesh", "operator": "qm.convert_to_mesh" },
    { "path": "Modify/Subdivision Surface", "operator": "qm.subsurf", "icon": "MODIFIER" },
    { "path": "Modify/Bevel", "operator": "qm.bevel", "icon": "MODIFIER" },
    { "path": "Modify/Voxel Remesh", "nodetool": "QM Voxel Remesh" },
    { "path": "Modify/Triangulate", "operator": "qm.triangulate", "icon": "MODIFIER" },
    { "path": "Modify/Topology Expand Offset", "nodetool": "QM Topology Expand Offset" },

    { "path": "Modify/[Separator]"},

    { "path": "Modify/(Q) Flip Normals", "operator": "mesh.flip_normals" },
    { "path": "Modify/(W) Vertices Smooth", "operator": "mesh.vertices_smooth", "params": { "factor": 1 }},
    { "path": "Modify/(R) Randomize", "nodetool": "QM Randomize", "mode": "EDIT_MESH" },
    { "path": "Modify/(R) Randomize", "operator": "object.randomize_transform", "mode": "OBJECT" },

    { "path": "Modify/[Separator]"},

    { "path": "Modify/(A) Snap Rotation By Normal", "nodetool": "QM Snap Rotation By Face Normal" },
    { "path": "Modify/(D) Align Island To Active Face", "nodetool": "QM Align Island By Active Face" },
    { "path": "Modify/(F) Flatten", "nodetool": "QM Flatten" },
    { "path": "Modify/(G) Noise", "nodetool": "QM Noise" },

    { "path": "Modify/[Separator]" },

    { "path": "Modify/(Z) Shrinkwrap", "nodetool": "QM Shrinkwrap" },

    { "path": "Modify/(X) Damage/Holes", "nodetool": "QM Holes" },
    { "path": "Modify/(X) Damage/Chunks", "nodetool": "QM Chunks" },
    { "path": "Modify/(X) Damage/Cracks", "nodetool": "QM Cracks" },

    { "path": "[Separator]"},

    { "path": "(Q) Delete and Split/Merge", "operator": "mesh.merge", "params": { "type": "CENTER" } },
    { "path": "(Q) Delete and Split/Merge By Distance", "operator": "mesh.remove_doubles" },
    { "path": "(Q) Delete and Split/Limited Dissolve", "operator": "mesh.dissolve_limited" },
    { "path": "(Q) Delete and Split/Decimate", "operator": "mesh.decimate" },

    { "path": "(Q) Delete and Split/[Separator]" },

    { "path": "(Q) Delete and Split/(Q) Delete View Perpendicular", "nodetool": "QM Delete View Perpendicular" },
    { "path": "(Q) Delete and Split/(E) Edge Split", "operator": "mesh.edge_split", "params": { "type": "EDGE" } },
    { "path": "(Q) Delete and Split/(R) Delete Unselected", "nodetool": "QM Delete Unselected" },

    { "path": "(Q) Delete and Split/[Separator]" },

    { "path": "(Q) Delete and Split/(S) Split", "operator": "mesh.split" },
    { "path": "(W) UV and Materials/Mark Seam", "operator": "qm.mark_seam", "params": { "clear": false } },
    { "path": "(W) UV and Materials/Clear Seam", "operator": "qm.mark_seam", "params": { "clear": true } },
    { "path": "(W) UV and Materials/Unwrap", "operator": "uv.unwrap" },
    { "path": "(W) UV and Materials/Straighten UVs", "operator": "qm.straighten_uvs" },
    { "path": "(W) UV and Materials/Cube Project", "operator": "uv.cube_project", "params": { "cube_size": 2.0 } },
    { "path": "(W) UV and Materials/View Project", "operator": "uv.project_from_view" },

    { "path": "(W) UV and Materials/[Separator]" },

    { "path": "(W) UV and Materials/(Q) Smart UV Project", "operator": "qm.smart_uv_project" },
    {
      "path": "(W) UV and Materials/(W) Transform UVs", "operator": "qm.transform_uvs",
      "params": {
        "offset_x": 0,
        "offset_y": 0,
        "rotation": 0,
        "scale_x": 1,
        "scale_y": 1
      }
    },
    {
      "path": "(W) UV and Materials/(E) Rotate UVs 90",
      "operator": "qm.transform_uvs",
      "params": {
        "offset_x": 0,
        "offset_y": 0,
        "rotation": 1.5708,
        "scale_x": 1,
        "scale_y": 1
      }
    },
    { "path": "(W) UV and Materials/(R) Pack Islands", "operator": "uv.pack_islands", "params": {"rotate": false, "margin": 0.02} },

    { "path": "(W) UV and Materials/[Separator]" },

    { "path": "(W) UV and Materials/(D) Set Vertex Color", "operator": "qm.set_vertex_color" },
    { "path": "(W) UV and Materials/(F) Select By Vertex Color", "operator": "qm.select_by_vertex_color" },

    { "path": "(W) UV and Materials/[Separator]" },

    { "path": "(W) UV and Materials/(Z) Toggle Backface Culling", "operator": "qm.toggle_backface_culling" },
    { "path": "(W) UV and Materials/(X) Disable Displacement", "operator": "qm.disable_displacement" },

    { "path": "(E) Cut/Union", "operator": "qm.boolean", "params": { "operation": "UNION" } },
    { "path": "(E) Cut/Difference", "operator": "qm.boolean", "params": { "operation": "DIFFERENCE" } },
    { "path": "(E) Cut/Intersect", "operator": "qm.boolean", "params": { "operation": "INTERSECT" } },
    { "path": "(E) Cut/Cut", "nodetool": "QM Cut" },
    { "path": "(E) Cut/Inset Cut", "nodetool": "QM Inset Cut" },
    { "path": "(E) Cut/Panel Cut", "nodetool": "QM Panel Cut" },
    { "path": "(E) Cut/Groove Cut", "nodetool": "QM Groove Cut" },
    { "path": "(E) Cut/Pipe Cut", "nodetool": "QM Pipe Cut" },

    { "path": "(E) Cut/[Separator]" },

    { "path": "(E) Cut/(Q) Grid Slice", "nodetool": "QM Grid Slice" },
    { "path": "(E) Cut/(E) Knife Intersect", "nodetool": "QM Knife Intersect" },
    { "path": "(E) Cut/(R) Grid Cut", "nodetool": "QM Grid Cut" },
    { "path": "(E) Cut/(T) Plane Intersect", "operator": "qm.plane_intersect"},

    { "path": "(E) Cut/[Separator]" },

    { "path": "(E) Cut/(A) Hull Cut", "nodetool": "QM Hull Cut" },

    { "path": "(R) Animation/Parent To New Empty", "operator": "qm.parent_to_new_empty" },
    { "path": "(R) Animation/Add Constraint", "operator": "object.constraint_add_with_targets" },
    { "path": "(R) Animation/Add Bone To Selection", "operator": "qm.add_bone" },
    { "path": "(R) Animation/Add Active Body", "operator": "qm.add_body", "params": { "type": "ACTIVE" } },
    { "path": "(R) Animation/Add Passive Body", "operator": "qm.add_body", "params": { "type": "PASSIVE" } },
    { "path": "(R) Animation/Remove Body", "operator": "qm.remove_body" },

    { "path": "(R) Animation/[Separator]" },

    { "path": "(R) Animation/(Q) Rewind", "operator": "qm.rewind" },
    { "path": "(R) Animation/(W) Add Collision", "operator": "qm.add_collision" },
    { "path": "(R) Animation/(E) Add Cloth", "operator": "qm.add_cloth" },
    { "path": "(R) Animation/(T) Toggle Auto Keying", "operator": "qm.toggle_auto_keying" },
    { "path": "(R) Animation/[Separator]" },
    { "path": "(R) Animation/[Separator]" },
    { "path": "(R) Animation/(Z) Clear Drivers", "operator": "qm.clear_drivers" },
    { "path": "(R) Animation/(X) Drivers Set Use Self", "operator": "qm.set_use_self_drivers" },
    { "path": "(R) Animation/(V) Animate Rotation", "operator": "qm.animate_rotation" },

    { "path": "[Separator]" },

    { "path": "(A) Snapping/Bounding Box Pivot", "operator": "qm.transform_pivot", "params": { "type": "BOUNDING_BOX_CENTER" } },
    { "path": "(A) Snapping/Individual Pivot", "operator": "qm.transform_pivot", "params": { "type": "INDIVIDUAL_ORIGINS" } },
    { "path": "(A) Snapping/3D Cursor Pivot", "operator": "qm.transform_pivot", "params": { "type": "CURSOR" } },

    { "path": "(A) Snapping/[Separator]" },

    { "path": "(A) Snapping/Global Orientation", "operator": "qm.transform_orientation", "params": { "type": "GLOBAL" } },
    { "path": "(A) Snapping/Normal Orientation", "operator": "qm.transform_orientation", "params": { "type": "NORMAL" } },
    { "path": "(A) Snapping/New Orientation", "operator": "qm.transform_orientation", "params": { "type": "CREATE" } },

    { "path": "(A) Snapping/[Separator]" },

    { "path": "(A) Snapping/(V) Vertices", "operator": "qm.set_snap", "params": { "mode": "DOMAIN", "type": "VERTEX" } },
    { "path": "(A) Snapping/(F) Faces", "operator": "qm.set_snap", "params": { "mode": "DOMAIN", "type": "FACE" } },
    { "path": "(A) Snapping/(R) Grid", "operator": "qm.set_snap", "params": { "mode": "DOMAIN", "type": "INCREMENT" } },

    { "path": "(A) Snapping/[Separator]" },

    { "path": "(A) Snapping/(C) Closest", "operator": "qm.set_snap", "params": { "mode": "TARGET", "type": "CLOSEST" } },
    { "path": "(A) Snapping/(E) Center", "operator": "qm.set_snap", "params": { "mode": "TARGET", "type": "CENTER" } },
    { "path": "(D) Tool/Add Cube", "operator": "wm.tool_set_by_id", "params": { "name": "builtin.primitive_cube_add" } },
    { "path": "(D) Tool/Add Cylinder", "operator": "wm.tool_set_by_id", "params": { "name": "builtin.primitive_cylinder_add" } },
    { "path": "(D) Tool/Add Sphere", "operator": "wm.tool_set_by_id", "params": { "name": "builtin.primitive_uv_sphere_add" } },
    { "path": "(D) Tool/Add Ico Sphere", "operator": "wm.tool_set_by_id", "params": { "name": "builtin.primitive_ico_sphere_add" } },
    { "path": "(D) Tool/Add Cone", "operator": "wm.tool_set_by_id", "params": { "name": "builtin.primitive_cone_add" } },

    { "path": "(D) Tool/[Separator]" },

    { "path": "(D) Tool/(Q) Shear", "operator": "wm.tool_set_by_id", "params": { "name": "builtin.shear" } },
    { "path": "(D) Tool/(W) Annotate", "operator": "wm.tool_set_by_id", "params": { "name": "builtin.annotate" } },
    { "path": "(D) Tool/(E) Measure", "operator": "wm.tool_set_by_id", "params": { "name": "builtin.measure" } },
    { "path": "(D) Tool/(R) Knife", "operator": "wm.tool_set_by_id", "params": { "name": "builtin.knife" } },
    { "path": "(D) Tool/(T) Draw", "operator": "wm.tool_set_by_id", "params": { "name": "builtin.draw" } },
    { "path": "(F) Mode", "operator": "view3d.object_mode_pie_or_toggle" },

    { "path": "[Separator]" },

    { "path": "(Z) Files/(Q) Save And Reload", "operator": "qm.save_and_reload" },
    { "path": "(Z) Files/[Separator]" },
    { "path": "(Z) Files/(Z) Reimport All Textures", "operator": "qm.reimport_textures" },
    { "path": "(Z) Files/(X) Unpack All Data To Files", "operator": "qm.unpack_all_data_to_files" },
    { "path": "(C) Select Linked All", "operator": "mesh.select_linked" },
    { "path": "(V) View Selected or Camera", "operator": "qm.view" },

    { "path": "[Separator]" },

    { "path": "(B) Extra/Add Modifier", "menu": "OBJECT_MT_modifier_add" }
  ]
}