<bpy>
  <Theme>
    <user_interface>
      <ThemeUserInterface
        menu_shadow_fac="0.2"
        menu_shadow_width="6"
        icon_alpha="1"
        icon_saturation="0.4"
        widget_emboss="#00000005"
        editor_border="#161616"
        editor_outline="#1c1d2015"
        editor_outline_active="#ffffff2a"
        widget_text_cursor="#3399e6"
        panel_roundness="0.4"
        panel_header="#29282eff"
        panel_title="#e6e6e6"
        panel_text="#e6e6e6"
        panel_back="#3e3f46ff"
        panel_sub_back="#00000024"
        panel_outline="#00000000"
        panel_active="#4772b3ff"
        transparent_checker_primary="#333333"
        transparent_checker_secondary="#262626"
        transparent_checker_size="8"
        axis_x="#dc4242"
        axis_y="#42dc42"
        axis_z="#4242dc"
        axis_w="#edba18"
        gizmo_hi="#ffffff"
        gizmo_primary="#f5f14d"
        gizmo_secondary="#63ffff"
        gizmo_view_align="#ffffff"
        gizmo_a="#4da84d"
        gizmo_b="#a33535"
        icon_scene="#e6e6e6ff"
        icon_collection="#ccccccff"
        icon_object="#cc986eff"
        icon_object_data="#98cc98ff"
        icon_modifier="#6e98ccff"
        icon_shading="#cc6e6eff"
        icon_folder="#e3c16eff"
        icon_autokey="#ab3c48ff"
        icon_border_intensity="0"
        >
        <wcol_regular>
          <ThemeWidgetColors
            outline="#38393eff"
            outline_sel="#3d3d3dff"
            inner="#505158ff"
            inner_sel="#407180ff"
            item="#38393eff"
            text="#eeeeee"
            text_sel="#ffffff"
            show_shaded="FALSE"
            shadetop="0"
            shadedown="-5"
            roundness="0.4"
            >
          </ThemeWidgetColors>
        </wcol_regular>
        <wcol_tool>
          <ThemeWidgetColors
            outline="#2f2f34ff"
            outline_sel="#3d3d3dff"
            inner="#505158ff"
            inner_sel="#599eb3ff"
            item="#e6ebffff"
            text="#f2f2f2"
            text_sel="#ffffff"
            show_shaded="FALSE"
            shadetop="0"
            shadedown="-5"
            roundness="0.8"
            >
          </ThemeWidgetColors>
        </wcol_tool>
        <wcol_toolbar_item>
          <ThemeWidgetColors
            outline="#191919ff"
            outline_sel="#3d3d3dff"
            inner="#505158ff"
            inner_sel="#2d2d33ff"
            item="#191919ff"
            text="#ffffff"
            text_sel="#ffffff"
            show_shaded="FALSE"
            shadetop="0"
            shadedown="0"
            roundness="0.5"
            >
          </ThemeWidgetColors>
        </wcol_toolbar_item>
        <wcol_radio>
          <ThemeWidgetColors
            outline="#2d2e33ff"
            outline_sel="#3d3d3dff"
            inner="#505158ff"
            inner_sel="#2d2d33ff"
            item="#ffffffff"
            text="#eeeeee"
            text_sel="#ffffff"
            show_shaded="FALSE"
            shadetop="5"
            shadedown="-5"
            roundness="0.4"
            >
          </ThemeWidgetColors>
        </wcol_radio>
        <wcol_text>
          <ThemeWidgetColors
            outline="#43454dff"
            outline_sel="#3d3d3dff"
            inner="#2d2e33ff"
            inner_sel="#717280ff"
            item="#599eb3ff"
            text="#eeeeee"
            text_sel="#ffffff"
            show_shaded="TRUE"
            shadetop="-3"
            shadedown="0"
            roundness="0.4"
            >
          </ThemeWidgetColors>
        </wcol_text>
        <wcol_option>
          <ThemeWidgetColors
            outline="#2d2e33ff"
            outline_sel="#3d3d3dff"
            inner="#2d2e33ff"
            inner_sel="#595966ff"
            item="#ffffffff"
            text="#eeeeee"
            text_sel="#ffffff"
            show_shaded="FALSE"
            shadetop="0"
            shadedown="-15"
            roundness="0.5"
            >
          </ThemeWidgetColors>
        </wcol_option>
        <wcol_toggle>
          <ThemeWidgetColors
            outline="#43434dff"
            outline_sel="#3d3d3dff"
            inner="#595966ff"
            inner_sel="#599eb3ff"
            item="#191919ff"
            text="#eeeeee"
            text_sel="#ffffff"
            show_shaded="FALSE"
            shadetop="0"
            shadedown="0"
            roundness="0.5"
            >
          </ThemeWidgetColors>
        </wcol_toggle>
        <wcol_num>
          <ThemeWidgetColors
            outline="#46464dff"
            outline_sel="#3d3d3dff"
            inner="#505158ff"
            inner_sel="#3f7180ff"
            item="#46464dff"
            text="#eeeeee"
            text_sel="#ffffff"
            show_shaded="FALSE"
            shadetop="0"
            shadedown="0"
            roundness="0.8"
            >
          </ThemeWidgetColors>
        </wcol_num>
        <wcol_numslider>
          <ThemeWidgetColors
            outline="#46464dff"
            outline_sel="#3d3d3dff"
            inner="#3f3f47ff"
            inner_sel="#3f7180ff"
            item="#505158ff"
            text="#eeeeee"
            text_sel="#ffffff"
            show_shaded="TRUE"
            shadetop="-4"
            shadedown="0"
            roundness="0.8"
            >
          </ThemeWidgetColors>
        </wcol_numslider>
        <wcol_box>
          <ThemeWidgetColors
            outline="#2d2e33ff"
            outline_sel="#3d3d3dff"
            inner="#3c3e45c0"
            inner_sel="#599eb3ff"
            item="#191919ff"
            text="#eeeeee"
            text_sel="#ffffff"
            show_shaded="FALSE"
            shadetop="0"
            shadedown="0"
            roundness="0.4"
            >
          </ThemeWidgetColors>
        </wcol_box>
        <wcol_curve>
          <ThemeWidgetColors
            outline="#727272ff"
            outline_sel="#9a9a9aff"
            inner="#545454ff"
            inner_sel="#000000ff"
            item="#00000059"
            text="#080808"
            text_sel="#c9c9c9"
            show_shaded="FALSE"
            shadetop="0"
            shadedown="0"
            roundness="0.4"
            >
          </ThemeWidgetColors>
        </wcol_curve>
        <wcol_menu>
          <ThemeWidgetColors
            outline="#2d2d2dff"
            outline_sel="#3d3d3dff"
            inner="#29282eff"
            inner_sel="#505158ff"
            item="#e6e6e6ff"
            text="#eeeeee"
            text_sel="#cccccc"
            show_shaded="FALSE"
            shadetop="10"
            shadedown="-10"
            roundness="0.4"
            >
          </ThemeWidgetColors>
        </wcol_menu>
        <wcol_pulldown>
          <ThemeWidgetColors
            outline="#00000000"
            outline_sel="#3d3d3d00"
            inner="#29282eff"
            inner_sel="#505158ff"
            item="#ffffffff"
            text="#eeeeee"
            text_sel="#ffffff"
            show_shaded="FALSE"
            shadetop="25"
            shadedown="-20"
            roundness="0.4"
            >
          </ThemeWidgetColors>
        </wcol_pulldown>
        <wcol_menu_back>
          <ThemeWidgetColors
            outline="#1f1f1fff"
            outline_sel="#242424ff"
            inner="#1f1f1fef"
            inner_sel="#505158ff"
            item="#646464ff"
            text="#b3b3b3"
            text_sel="#ffffff"
            show_shaded="FALSE"
            shadetop="25"
            shadedown="-20"
            roundness="0.5"
            >
          </ThemeWidgetColors>
        </wcol_menu_back>
        <wcol_pie_menu>
          <ThemeWidgetColors
            outline="#4d4d4dff"
            outline_sel="#242424ff"
            inner="#29282eff"
            inner_sel="#599eb3ff"
            item="#595966ff"
            text="#eeeeee"
            text_sel="#7cd7f1"
            show_shaded="FALSE"
            shadetop="10"
            shadedown="-10"
            roundness="0.8"
            >
          </ThemeWidgetColors>
        </wcol_pie_menu>
        <wcol_tooltip>
          <ThemeWidgetColors
            outline="#000000ff"
            outline_sel="#242424ff"
            inner="#1f1f1fef"
            inner_sel="#2d2d2de6"
            item="#646464ff"
            text="#eeeeee"
            text_sel="#ffffff"
            show_shaded="FALSE"
            shadetop="25"
            shadedown="-20"
            roundness="0.5"
            >
          </ThemeWidgetColors>
        </wcol_tooltip>
        <wcol_menu_item>
          <ThemeWidgetColors
            outline="#00000000"
            outline_sel="#3d3d3d00"
            inner="#00000000"
            inner_sel="#505158ff"
            item="#acacac80"
            text="#eeeeee"
            text_sel="#ffffff"
            show_shaded="FALSE"
            shadetop="38"
            shadedown="0"
            roundness="0.5"
            >
          </ThemeWidgetColors>
        </wcol_menu_item>
        <wcol_scroll>
          <ThemeWidgetColors
            outline="#2f3035ff"
            outline_sel="#3d3d3dff"
            inner="#585a6700"
            inner_sel="#599eb3ff"
            item="#585a67ff"
            text="#ffffff"
            text_sel="#ffffff"
            show_shaded="FALSE"
            shadetop="5"
            shadedown="-5"
            roundness="1"
            >
          </ThemeWidgetColors>
        </wcol_scroll>
        <wcol_progress>
          <ThemeWidgetColors
            outline="#b3b3b3ff"
            outline_sel="#3d3d3dff"
            inner="#ccccccff"
            inner_sel="#646464b4"
            item="#599eb3ff"
            text="#eeeeee"
            text_sel="#ffffff"
            show_shaded="FALSE"
            shadetop="0"
            shadedown="0"
            roundness="0.5"
            >
          </ThemeWidgetColors>
        </wcol_progress>
        <wcol_list_item>
          <ThemeWidgetColors
            outline="#28292dff"
            outline_sel="#2d2d2d00"
            inner="#28292d00"
            inner_sel="#5f616fff"
            item="#599eb3ff"
            text="#eeeeee"
            text_sel="#ffffff"
            show_shaded="FALSE"
            shadetop="0"
            shadedown="0"
            roundness="0.4"
            >
          </ThemeWidgetColors>
        </wcol_list_item>
        <wcol_state>
          <ThemeWidgetStateColors
            error="#963034ff"
            warning="#ac8737ff"
            info="#28487dff"
            success="#188625ff"
            inner_anim="#73be4c"
            inner_anim_sel="#5aa633"
            inner_key="#f0eb64"
            inner_key_sel="#d7d34b"
            inner_driven="#b400ff"
            inner_driven_sel="#9900e6"
            inner_overridden="#000000"
            inner_overridden_sel="#000000"
            inner_changed="#cc7529"
            inner_changed_sel="#e6852d"
            blend="0.5"
            >
          </ThemeWidgetStateColors>
        </wcol_state>
        <wcol_tab>
          <ThemeWidgetColors
            outline="#28292dff"
            outline_sel="#1d1d1dff"
            inner="#28292cff"
            inner_sel="#5c5d63ff"
            item="#28292dff"
            text="#ffffff"
            text_sel="#ffffff"
            show_shaded="FALSE"
            shadetop="0"
            shadedown="0"
            roundness="0.3"
            >
          </ThemeWidgetColors>
        </wcol_tab>
      </ThemeUserInterface>
    </user_interface>
    <regions>
      <ThemeRegions>
        <asset_shelf>
          <ThemeRegionsAssetShelf
            back="#2f3035ff"
            header_back="#29282eff"
            >
          </ThemeRegionsAssetShelf>
        </asset_shelf>
        <channels>
          <ThemeRegionsChannels
            back="#29282e"
            text="#b8b8b8"
            text_selected="#ffaf23"
            >
          </ThemeRegionsChannels>
        </channels>
        <scrubbing>
          <ThemeRegionsScrubbing
            back="#292929e6"
            text="#c3c3c3"
            time_marker="#ffffff4d"
            time_marker_selected="#ffffffb3"
            >
          </ThemeRegionsScrubbing>
        </scrubbing>
        <sidebars>
          <ThemeRegionsSidebars
            back="#35363c00"
            tab_back="#24242400"
            >
          </ThemeRegionsSidebars>
        </sidebars>
      </ThemeRegions>
    </regions>
    <common>
      <ThemeCommon>
        <anim>
          <ThemeCommonAnim
            playhead="#35953c"
            preview_range="#a14d0066"
            scene_strip_range="#00000080"
            channels="#547ca624"
            channels_sub="#748da624"
            channel_group="#3b8c2837"
            channel_group_active="#439e2d55"
            channel="#12121299"
            channel_selected="#60c04044"
            keyframe="#bfbfbf"
            keyframe_selected="#ffbe33"
            keyframe_extreme="#e8b3cc"
            keyframe_extreme_selected="#f28080"
            keyframe_breakdown="#b3dbe8"
            keyframe_breakdown_selected="#54bfed"
            keyframe_jitter="#94e575"
            keyframe_jitter_selected="#61c042"
            keyframe_moving_hold="#808080"
            keyframe_moving_hold_selected="#ffaf23"
            keyframe_generated="#585858"
            keyframe_generated_selected="#a28962"
            long_key="#ffffff1f"
            long_key_selected="#ff8c0099"
            >
          </ThemeCommonAnim>
        </anim>
        <curves>
          <ThemeCommonCurves
            handle_free="#745900"
            handle_sel_free="#ffc300"
            handle_auto="#740d00"
            handle_sel_auto="#ff1900"
            handle_vect="#232374"
            handle_sel_vect="#4444ff"
            handle_align="#157000"
            handle_sel_align="#72ff57"
            handle_auto_clamped="#803060"
            handle_sel_auto_clamped="#f090a0"
            handle_vertex="#000000"
            handle_vertex_select="#ff8500"
            handle_vertex_size="5"
            >
          </ThemeCommonCurves>
        </curves>
      </ThemeCommon>
    </common>
    <view_3d>
      <ThemeView3D
        grid="#36363aff"
        clipping_border_3d="#313131ff"
        wire="#434446"
        wire_edit="#1d1d1d"
        edge_width="1"
        gp_vertex="#000000"
        gp_vertex_select="#ff8500"
        gp_vertex_size="3"
        text_grease_pencil="#b5e61d"
        object_selected="#69adc2"
        object_active="#08c1ff"
        camera="#000000"
        empty="#000000"
        light="#00000028"
        speaker="#000000"
        vertex="#000000"
        vertex_select="#08c1ff"
        vertex_size="4"
        edge_select="#08c1ff"
        edge_mode_select="#08c1ff"
        face="#00000012"
        face_select="#08c1ff33"
        face_mode_select="#08c1ff33"
        facedot_size="4"
        face_back="#ff000080"
        face_front="#00000000"
        bevel="#00a5ff"
        seam="#ff5b00"
        sharp="#ff1600"
        crease="#00c327"
        freestyle="#7fff7f4d"
        extra_edge_len="#200000"
        extra_edge_angle="#000000"
        extra_face_angle="#ffa100"
        extra_face_area="#000080"
        editmesh_active="#cfefff8b"
        normal="#22dddd"
        vertex_normal="#2361dd"
        split_normal="#dd23dd"
        vertex_unreferenced="#000000"
        face_retopology="#50c8ff0f"
        nurb_uline="#909000"
        nurb_vline="#803060"
        nurb_sel_uline="#f0ff40"
        nurb_sel_vline="#f090a0"
        bone_pose="#62c93b"
        bone_pose_active="#9cffba"
        bone_solid="#c8c8c8"
        bone_locked_weight="#ff000080"
        before_current_frame="#f22e23"
        after_current_frame="#78f244"
        bundle_solid="#c8c8c8"
        camera_path="#000000"
        camera_passepartout="#000000"
        skin_root="#b44d4d"
        view_overlay="#000000"
        transform="#ffffff"
        outline_width="1"
        object_origin_size="6"
        >
        <space>
          <ThemeSpaceGradient
            title="#ffffff"
            text="#ffffff"
            text_hi="#ffffff"
            header="#29282e00"
            header_text="#eeeeee"
            header_text_hi="#ffffff"
            >
            <gradients>
              <ThemeGradientColors
                background_type="SINGLE_COLOR"
                high_gradient="#343538"
                gradient="#29282e"
                >
              </ThemeGradientColors>
            </gradients>
          </ThemeSpaceGradient>
        </space>
      </ThemeView3D>
    </view_3d>
    <graph_editor>
      <ThemeGraphEditor
        grid="#17171a"
        vertex="#000000"
        vertex_select="#ff8500"
        vertex_active="#ffffff"
        vertex_size="6"
        >
        <space>
          <ThemeSpaceGeneric
            back="#2f3035"
            title="#ffffff"
            text="#ffffff"
            text_hi="#ffffff"
            header="#29282eff"
            header_text="#eeeeee"
            header_text_hi="#ffffff"
            >
          </ThemeSpaceGeneric>
        </space>
      </ThemeGraphEditor>
    </graph_editor>
    <file_browser>
      <ThemeFileBrowser
        selected_file="#5b8199"
        row_alternate="#ffffff07"
        >
        <space>
          <ThemeSpaceGeneric
            back="#2f3035"
            title="#ffffff"
            text="#ffffff"
            text_hi="#ffffff"
            header="#29282eff"
            header_text="#eeeeee"
            header_text_hi="#ffffff"
            >
          </ThemeSpaceGeneric>
        </space>
      </ThemeFileBrowser>
    </file_browser>
    <nla_editor>
      <ThemeNLAEditor
        grid="#5e5e5e"
        active_action="#cc701a66"
        active_action_unset="#9987614d"
        strips="#0c0a0a"
        strips_selected="#ff8c00"
        transition_strips="#1c2630"
        transition_strips_selected="#2e75db"
        meta_strips="#332642"
        meta_strips_selected="#692196"
        sound_strips="#2b3d3d"
        sound_strips_selected="#1f7a7a"
        tweak="#4df31a"
        tweak_duplicate="#d90000"
        keyframe_border="#000000ff"
        keyframe_border_selected="#000000ff"
        >
        <space>
          <ThemeSpaceGeneric
            back="#2f3035"
            title="#ffffff"
            text="#ffffff"
            text_hi="#ffffff"
            header="#29282eff"
            header_text="#eeeeee"
            header_text_hi="#ffffff"
            >
          </ThemeSpaceGeneric>
        </space>
      </ThemeNLAEditor>
    </nla_editor>
    <dopesheet_editor>
      <ThemeDopeSheet
        grid="#17171a"
        keyframe_border="#000000ff"
        keyframe_border_selected="#000000ff"
        keyframe_scale_factor="1"
        summary="#66310066"
        interpolation_line="#94e575cc"
        simulated_frames="#721e65ff"
        >
        <space>
          <ThemeSpaceGeneric
            back="#2f3035"
            title="#ffffff"
            text="#ffffff"
            text_hi="#ffffff"
            header="#29282eff"
            header_text="#eeeeee"
            header_text_hi="#ffffff"
            >
          </ThemeSpaceGeneric>
        </space>
      </ThemeDopeSheet>
    </dopesheet_editor>
    <image_editor>
      <ThemeImageEditor
        grid="#505050ff"
        vertex="#000000"
        vertex_select="#08c1ff"
        vertex_size="3"
        face="#ffffff0a"
        face_select="#08c1ff40"
        face_mode_select="#00000000"
        facedot_size="3"
        editmesh_active="#08c1ffff"
        wire_edit="#5c5c5c"
        edge_width="1"
        edge_select="#0067cb"
        scope_back="#727272ff"
        preview_stitch_face="#1242b026"
        preview_stitch_edge="#08c1ff97"
        preview_stitch_vert="#08c1ff91"
        preview_stitch_stitchable="#00ff00ff"
        preview_stitch_unstitchable="#ff0000ff"
        preview_stitch_active="#e1d2c323"
        uv_shadow="#707070ff"
        metadatabg="#000000"
        metadatatext="#ffffff"
        >
        <space>
          <ThemeSpaceGeneric
            back="#2f3035"
            title="#ffffff"
            text="#ffffff"
            text_hi="#ffffff"
            header="#29282eff"
            header_text="#eeeeee"
            header_text_hi="#ffffff"
            >
          </ThemeSpaceGeneric>
        </space>
      </ThemeImageEditor>
    </image_editor>
    <sequence_editor>
      <ThemeSequenceEditor
        grid="#404040"
        movie_strip="#516987"
        movieclip_strip="#20208f"
        image_strip="#6d5881"
        scene_strip="#4e983e"
        audio_strip="#2e8f8f"
        effect_strip="#a9547c"
        transition_strip="#50458f"
        color_strip="#8f8f8f"
        meta_strip="#6d9183"
        mask_strip="#666666"
        text_strip="#a29700"
        active_strip="#d9d9d9"
        selected_strip="#ff8f0d"
        keyframe_border="#000000ff"
        keyframe_border_selected="#000000ff"
        preview_back="#000000"
        metadatabg="#000000"
        metadatatext="#ffffff"
        row_alternate="#ffffff05"
        text_strip_cursor="#71a8ffff"
        selected_text="#ffffff4d"
        >
        <space>
          <ThemeSpaceGeneric
            back="#2f3035"
            title="#ffffff"
            text="#ffffff"
            text_hi="#ffffff"
            header="#29282eff"
            header_text="#eeeeee"
            header_text_hi="#ffffff"
            >
          </ThemeSpaceGeneric>
        </space>
      </ThemeSequenceEditor>
    </sequence_editor>
    <properties>
      <ThemeProperties
        match="#5680c2"
        >
        <space>
          <ThemeSpaceGeneric
            back="#2f3035"
            title="#ffffff"
            text="#ffffff"
            text_hi="#ffffff"
            header="#29282eff"
            header_text="#eeeeee"
            header_text_hi="#ffffff"
            >
          </ThemeSpaceGeneric>
        </space>
      </ThemeProperties>
    </properties>
    <text_editor>
      <ThemeTextEditor
        line_numbers="#d0d0d0"
        line_numbers_background="#313133"
        selected_text="#19191a"
        cursor="#ff0000"
        syntax_builtin="#ff1961"
        syntax_symbols="#ff734d"
        syntax_special="#95d600"
        syntax_preprocessor="#ad80ff"
        syntax_reserved="#c4753b"
        syntax_comment="#828597"
        syntax_string="#f6e162"
        syntax_numbers="#50dbff"
        >
        <space>
          <ThemeSpaceGeneric
            back="#2f3035"
            title="#ffffff"
            text="#ffffff"
            text_hi="#ffffff"
            header="#29282eff"
            header_text="#eeeeee"
            header_text_hi="#ffffff"
            >
          </ThemeSpaceGeneric>
        </space>
      </ThemeTextEditor>
    </text_editor>
    <node_editor>
      <ThemeNodeEditor
        grid="#232323"
        node_outline="#00000000"
        node_selected="#099be6"
        node_active="#ffffff"
        wire="#808080ff"
        wire_inner="#808080"
        wire_select="#ffffffb3"
        node_backdrop="#5a5c66ff"
        converter_node="#246283"
        color_node="#6e6e23"
        group_node="#374725"
        group_socket_node="#1d1d1d"
        frame_node="#9b9b9ba0"
        matte_node="#5a3838"
        distor_node="#3e5a5b"
        noodle_curving="5"
        grid_levels="2"
        dash_alpha="0.5"
        input_node="#82354c"
        output_node="#3e232a"
        filter_node="#412b51"
        vector_node="#3c3c83"
        texture_node="#79461d"
        shader_node="#2b652b"
        script_node="#203c3c"
        geometry_node="#1d725e"
        attribute_node="#1d2546"
        simulation_zone="#66416233"
        repeat_zone="#76512f33"
        foreach_geometry_element_zone="#33527f33"
        closure_zone="#527f3333"
        >
        <space>
          <ThemeSpaceGeneric
            back="#2f3035"
            title="#ffffff"
            text="#ffffff"
            text_hi="#ffffff"
            header="#29282eff"
            header_text="#eeeeee"
            header_text_hi="#ffffff"
            >
          </ThemeSpaceGeneric>
        </space>
      </ThemeNodeEditor>
    </node_editor>
    <outliner>
      <ThemeOutliner
        match="#337f33"
        selected_highlight="#2d3c58"
        active="#3b5689"
        selected_object="#e96a00"
        active_object="#ffaf29"
        edited_object="#00806266"
        row_alternate="#ffffff07"
        >
        <space>
          <ThemeSpaceGeneric
            back="#2f3035"
            title="#ffffff"
            text="#ffffff"
            text_hi="#ffffff"
            header="#29282eff"
            header_text="#eeeeee"
            header_text_hi="#ffffff"
            >
          </ThemeSpaceGeneric>
        </space>
      </ThemeOutliner>
    </outliner>
    <info>
      <ThemeInfo
        info_selected="#8b8b8b"
        info_selected_text="#000000"
        info_error_text="#ffffff"
        info_warning_text="#ffffff"
        info_info_text="#ffffff"
        info_debug="#d3d3d3ff"
        info_debug_text="#000000"
        info_property="#3ace87ff"
        info_property_text="#ffffff"
        info_operator="#3ace87ff"
        info_operator_text="#ffffff"
        >
        <space>
          <ThemeSpaceGeneric
            back="#2f3035"
            title="#ffffff"
            text="#ffffff"
            text_hi="#ffffff"
            header="#29282eff"
            header_text="#eeeeee"
            header_text_hi="#ffffff"
            >
          </ThemeSpaceGeneric>
        </space>
      </ThemeInfo>
    </info>
    <preferences>
      <ThemePreferences>
        <space>
          <ThemeSpaceGeneric
            back="#2f3035"
            title="#ffffff"
            text="#ffffff"
            text_hi="#ffffff"
            header="#29282eff"
            header_text="#eeeeee"
            header_text_hi="#ffffff"
            >
          </ThemeSpaceGeneric>
        </space>
      </ThemePreferences>
    </preferences>
    <console>
      <ThemeConsole
        line_output="#808096"
        line_input="#ffffff"
        line_info="#94ff14"
        line_error="#ff463f"
        cursor="#ca5121"
        select="#0000005f"
        >
        <space>
          <ThemeSpaceGeneric
            back="#2f3035"
            title="#ffffff"
            text="#ffffff"
            text_hi="#ffffff"
            header="#29282eff"
            header_text="#eeeeee"
            header_text_hi="#ffffff"
            >
          </ThemeSpaceGeneric>
        </space>
      </ThemeConsole>
    </console>
    <clip_editor>
      <ThemeClipEditor
        grid="#000000ff"
        marker_outline="#000000"
        marker="#7f7f00"
        active_marker="#ffffff"
        selected_marker="#ffff00"
        disabled_marker="#7f0000"
        locked_marker="#7f7f7f"
        path_before="#ff0000"
        path_after="#0000ff"
        path_keyframe_before="#ffc4c4"
        path_keyframe_after="#c4c4ff"
        metadatabg="#000000"
        metadatatext="#ffffff"
        >
        <space>
          <ThemeSpaceGeneric
            back="#2f3035"
            title="#ffffff"
            text="#ffffff"
            text_hi="#ffffff"
            header="#29282eff"
            header_text="#eeeeee"
            header_text_hi="#ffffff"
            >
          </ThemeSpaceGeneric>
        </space>
      </ThemeClipEditor>
    </clip_editor>
    <topbar>
      <ThemeTopBar>
        <space>
          <ThemeSpaceGeneric
            back="#43444b"
            title="#ffffff"
            text="#ffffff"
            text_hi="#ffffff"
            header="#29282eff"
            header_text="#eeeeee"
            header_text_hi="#ffffff"
            >
          </ThemeSpaceGeneric>
        </space>
      </ThemeTopBar>
    </topbar>
    <statusbar>
      <ThemeStatusBar>
        <space>
          <ThemeSpaceGeneric
            back="#43444b"
            title="#ffffff"
            text="#ffffff"
            text_hi="#ffffff"
            header="#29282eff"
            header_text="#eeeeee"
            header_text_hi="#ffffff"
            >
          </ThemeSpaceGeneric>
        </space>
      </ThemeStatusBar>
    </statusbar>
    <spreadsheet>
      <ThemeSpreadsheet
        row_alternate="#ffffff04"
        >
        <space>
          <ThemeSpaceGeneric
            back="#2f3035"
            title="#ffffff"
            text="#ffffff"
            text_hi="#ffffff"
            header="#29282eff"
            header_text="#eeeeee"
            header_text_hi="#ffffff"
            >
          </ThemeSpaceGeneric>
        </space>
      </ThemeSpreadsheet>
    </spreadsheet>
    <bone_color_sets>
      <ThemeBoneColorSet
        normal="#9a0000"
        select="#bd1111"
        active="#f70a0a"
        show_colored_constraints="FALSE"
        >
      </ThemeBoneColorSet>
      <ThemeBoneColorSet
        normal="#f74018"
        select="#f66913"
        active="#fa9900"
        show_colored_constraints="FALSE"
        >
      </ThemeBoneColorSet>
      <ThemeBoneColorSet
        normal="#1e9109"
        select="#59b70b"
        active="#83ef1d"
        show_colored_constraints="FALSE"
        >
      </ThemeBoneColorSet>
      <ThemeBoneColorSet
        normal="#0a3694"
        select="#3667df"
        active="#5ec1ef"
        show_colored_constraints="FALSE"
        >
      </ThemeBoneColorSet>
      <ThemeBoneColorSet
        normal="#a9294e"
        select="#c1416a"
        active="#f05d91"
        show_colored_constraints="FALSE"
        >
      </ThemeBoneColorSet>
      <ThemeBoneColorSet
        normal="#430c78"
        select="#543aa3"
        active="#8764d5"
        show_colored_constraints="FALSE"
        >
      </ThemeBoneColorSet>
      <ThemeBoneColorSet
        normal="#24785a"
        select="#3c9579"
        active="#6fb6ab"
        show_colored_constraints="FALSE"
        >
      </ThemeBoneColorSet>
      <ThemeBoneColorSet
        normal="#4b707c"
        select="#6a8691"
        active="#9bc2cd"
        show_colored_constraints="FALSE"
        >
      </ThemeBoneColorSet>
      <ThemeBoneColorSet
        normal="#f4c90c"
        select="#eec236"
        active="#f3ff00"
        show_colored_constraints="FALSE"
        >
      </ThemeBoneColorSet>
      <ThemeBoneColorSet
        normal="#1e2024"
        select="#484c56"
        active="#ffffff"
        show_colored_constraints="FALSE"
        >
      </ThemeBoneColorSet>
      <ThemeBoneColorSet
        normal="#6f2f6a"
        select="#9845be"
        active="#d330d6"
        show_colored_constraints="FALSE"
        >
      </ThemeBoneColorSet>
      <ThemeBoneColorSet
        normal="#6c8e22"
        select="#7fb022"
        active="#bbef5b"
        show_colored_constraints="FALSE"
        >
      </ThemeBoneColorSet>
      <ThemeBoneColorSet
        normal="#8d8d8d"
        select="#b0b0b0"
        active="#dedede"
        show_colored_constraints="FALSE"
        >
      </ThemeBoneColorSet>
      <ThemeBoneColorSet
        normal="#834326"
        select="#8b5811"
        active="#bd6a11"
        show_colored_constraints="FALSE"
        >
      </ThemeBoneColorSet>
      <ThemeBoneColorSet
        normal="#08310e"
        select="#1c430b"
        active="#34622b"
        show_colored_constraints="FALSE"
        >
      </ThemeBoneColorSet>
      <ThemeBoneColorSet
        normal="#000000"
        select="#000000"
        active="#000000"
        show_colored_constraints="FALSE"
        >
      </ThemeBoneColorSet>
      <ThemeBoneColorSet
        normal="#000000"
        select="#000000"
        active="#000000"
        show_colored_constraints="FALSE"
        >
      </ThemeBoneColorSet>
      <ThemeBoneColorSet
        normal="#000000"
        select="#000000"
        active="#000000"
        show_colored_constraints="FALSE"
        >
      </ThemeBoneColorSet>
      <ThemeBoneColorSet
        normal="#000000"
        select="#000000"
        active="#000000"
        show_colored_constraints="FALSE"
        >
      </ThemeBoneColorSet>
      <ThemeBoneColorSet
        normal="#000000"
        select="#000000"
        active="#000000"
        show_colored_constraints="FALSE"
        >
      </ThemeBoneColorSet>
    </bone_color_sets>
    <collection_color>
      <ThemeCollectionColor
        color="#e2605b"
        >
      </ThemeCollectionColor>
      <ThemeCollectionColor
        color="#f1a355"
        >
      </ThemeCollectionColor>
      <ThemeCollectionColor
        color="#f1dc55"
        >
      </ThemeCollectionColor>
      <ThemeCollectionColor
        color="#7bcc7b"
        >
      </ThemeCollectionColor>
      <ThemeCollectionColor
        color="#5db6ea"
        >
      </ThemeCollectionColor>
      <ThemeCollectionColor
        color="#8d59da"
        >
      </ThemeCollectionColor>
      <ThemeCollectionColor
        color="#c673b8"
        >
      </ThemeCollectionColor>
      <ThemeCollectionColor
        color="#7a5441"
        >
      </ThemeCollectionColor>
    </collection_color>
    <strip_color>
      <ThemeStripColor
        color="#e2605b"
        >
      </ThemeStripColor>
      <ThemeStripColor
        color="#f1a355"
        >
      </ThemeStripColor>
      <ThemeStripColor
        color="#f1dc55"
        >
      </ThemeStripColor>
      <ThemeStripColor
        color="#7bcc7b"
        >
      </ThemeStripColor>
      <ThemeStripColor
        color="#5db6ea"
        >
      </ThemeStripColor>
      <ThemeStripColor
        color="#8d59da"
        >
      </ThemeStripColor>
      <ThemeStripColor
        color="#c673b8"
        >
      </ThemeStripColor>
      <ThemeStripColor
        color="#7a5441"
        >
      </ThemeStripColor>
      <ThemeStripColor
        color="#5f5f5f"
        >
      </ThemeStripColor>
    </strip_color>
  </Theme>
  <ThemeStyle>
    <panel_title>
      <ThemeFontStyle
        points="11"
        character_weight="400"
        shadow="1"
        shadow_offset_x="0"
        shadow_offset_y="-1"
        shadow_alpha="0.15"
        shadow_value="1"
        >
      </ThemeFontStyle>
    </panel_title>
    <widget>
      <ThemeFontStyle
        points="11"
        character_weight="400"
        shadow="5"
        shadow_offset_x="0"
        shadow_offset_y="-1"
        shadow_alpha="0.5"
        shadow_value="0"
        >
      </ThemeFontStyle>
    </widget>
    <tooltip>
      <ThemeFontStyle
        points="11"
        character_weight="400"
        shadow="1"
        shadow_offset_x="0"
        shadow_offset_y="-1"
        shadow_alpha="0.5"
        shadow_value="0"
        >
      </ThemeFontStyle>
    </tooltip>
  </ThemeStyle>
</bpy>
