{
    "Defaults": {
        "397d8c76414e4cdaa707": {
            "name": "Plx Anchor Layer",
            "type_name": "ShaderNodeTree",
            "index": 0,
            "category": "other"
        },
        "7095a458520e40a98b87": {
            "name": "Plx Color Mask",
            "type_name": "ShaderNodeTree",
            "index": 3,
            "category": "other"
        },
        "00991cdea8114282933d": {
            "name": "Plx ID Layer",
            "type_name": "ShaderNodeTree",
            "index": 4,
            "category": "other"
        },
        "92b682f047e24638b1ce": {
            "name": "Plx Surface",
            "type_name": "ShaderNodeTree",
            "index": 5,
            "category": "other"
        },
        "33e30d7081664ed99215": {
            "name": "Plx Material",
            "type_name": "ShaderNodeTree",
            "index": 6,
            "category": "other"
        },
        "233a2911dd244a5bab24": {
            "name": "Plx Mapping",
            "type_name": "ShaderNodeTree",
            "index": 7,
            "category": "other"
        },
        "c46dfcbde7f145cab98a": {
            "name": "Plx Temp Material M",
            "index": 8,
            "category": "other",
            "type_name": "Material"
        },
        "e93bef1d41de4a8c975f": {
            "name": "Plx Temp Material S",
            "index": 9,
            "category": "other",
            "type_name": "Material"
        },
        "ab3717b30a684dbd875a": {
            "name": "Plx Metallic Shader",
            "index": 0,
            "category": "other",
            "type_name": "ShaderNodeTree"
        },
        "4f08d2c7839840daa57c": {
            "name": "Plx Specular Shader",
            "index": 0,
            "category": "other",
            "type_name": "ShaderNodeTree"
        }
    },
    "Materials": {
        "72cfeb2d990b45fb9875": {
            "name": "Base Metallic",
            "index": 0,
            "category": "Other",
            "type_name": "ShaderNodeTree"
        },
        "11c936496bfa4dec8af0": {
            "name": "Base Specular",
            "index": 1,
            "category": "Other",
            "type_name": "ShaderNodeTree"
        },
        "6b06c5e95f584fda90ac": {
            "name": "Iron Grainy",
            "index": 5,
            "category": "category.7",
            "type_name": "ShaderNodeTree"
        },
        "10a3abf463b444d2af0e": {
            "name": "Iron Brushed",
            "index": 7,
            "category": "category.7",
            "type_name": "ShaderNodeTree"
        },
        "abe4efcc1aea4f359be6": {
            "name": "Galvanized",
            "index": 9,
            "category": "category.7",
            "type_name": "ShaderNodeTree"
        },
        "34be48c6fda442f3981a": {
            "name": "Galvanized 2",
            "index": 10,
            "category": "category.7",
            "type_name": "ShaderNodeTree"
        },
        "10ced39cfda24f3c8ded": {
            "name": "Oil Metal",
            "index": 12,
            "category": "category.7",
            "type_name": "ShaderNodeTree"
        },
        "bb4ec1145466444898d4": {
            "name": "Scrape",
            "index": 13,
            "category": "category.7",
            "type_name": "ShaderNodeTree"
        },
        "bf29cb4f7ad14923ab88": {
            "name": "Sparkling",
            "index": 14,
            "category": "category.7",
            "type_name": "ShaderNodeTree"
        },
        "bfc894f8e12a41b98cec": {
            "name": "Colorful Sparkles",
            "index": 15,
            "category": "category.7",
            "type_name": "ShaderNodeTree"
        },
        "ea820bf4670f4307b3dd": {
            "name": "Purl",
            "index": 16,
            "category": "category.7",
            "type_name": "ShaderNodeTree"
        },
        "fd7bb3191b25426abbd3": {
            "name": "Rust Coar",
            "index": 19,
            "category": "category.7",
            "type_name": "ShaderNodeTree"
        },
        "61e41047924e454e9a53": {
            "name": "Plastic PVC",
            "index": 28,
            "category": "category.8",
            "type_name": "ShaderNodeTree"
        },
        "2c0b8cdc2feb4112a7fb": {
            "name": "Plastic Grainy",
            "index": 29,
            "category": "category.8",
            "type_name": "ShaderNodeTree"
        },
        "a365f178dd0045ef883b": {
            "name": "Plastic Diamond",
            "index": 31,
            "category": "category.8",
            "type_name": "ShaderNodeTree"
        },
        "b3f05f0a841142c6a5ff": {
            "name": "Paper",
            "index": 39,
            "category": "category.12",
            "type_name": "ShaderNodeTree"
        },
        "516e8a76af274b18a662": {
            "name": "Fabric Suit Vintage",
            "index": 54,
            "category": "category.4",
            "type_name": "ShaderNodeTree"
        },
        "ab22042a8b974601a833": {
            "name": "Glass",
            "index": 56,
            "category": "category.5",
            "type_name": "ShaderNodeTree"
        },
        "fadbce85ae6e43c9a50b": {
            "name": "Stained Glass",
            "index": 62,
            "category": "category.5",
            "type_name": "ShaderNodeTree"
        },
        "ab83793112964d9dafd0": {
            "name": "Peeling Paint",
            "index": 36,
            "category": "Other",
            "type_name": "ShaderNodeTree"
        },
        "c05c12e14ff7489dac94": {
            "name": "Painting",
            "index": 40,
            "category": "Other",
            "type_name": "ShaderNodeTree"
        },
        "480793e1358546dcbf5a": {
            "name": "Asphalt Rough ",
            "index": 49,
            "category": "category.1",
            "type_name": "ShaderNodeTree"
        },
        "eed0680bc99c47d78865": {
            "name": "Dirty Asphalt",
            "index": 48,
            "category": "category.1",
            "type_name": "ShaderNodeTree"
        },
        "04d10b6d87294fcca894": {
            "name": "Cracked Asphalt ",
            "index": 50,
            "category": "category.1",
            "type_name": "ShaderNodeTree"
        },
        "a929a1a7c37440abbbdb": {
            "name": "Mosaic Tile",
            "index": 38,
            "category": "category.10",
            "type_name": "ShaderNodeTree"
        },
        "ba9006df73c94323bdff": {
            "name": "Ebonize Wood",
            "index": 51,
            "category": "category.11",
            "type_name": "ShaderNodeTree"
        },
        "084515ea4bc94f89bf19": {
            "name": "Knots Wood",
            "index": 53,
            "category": "category.11",
            "type_name": "ShaderNodeTree"
        },
        "6c05b10413894a26a2d1": {
            "name": "Ash Wood",
            "index": 52,
            "category": "category.11",
            "type_name": "ShaderNodeTree"
        },
        "b7f9ec7da6394448b5e0": {
            "name": "Bone Stylized",
            "index": 35,
            "category": "category.12",
            "type_name": "ShaderNodeTree"
        },
        "6ca57bafd4c64e9aa457": {
            "name": "Carbon Fiber",
            "index": 32,
            "category": "category.12",
            "type_name": "ShaderNodeTree"
        },
        "b3367ce1f1c846328974": {
            "name": "Brick",
            "index": 41,
            "category": "category.2",
            "type_name": "ShaderNodeTree"
        },
        "0785c9fbd2ff43d6b674": {
            "name": "Concrete Clean",
            "index": 46,
            "category": "category.3",
            "type_name": "ShaderNodeTree"
        },
        "ceb6fab5b038441b9082": {
            "name": "Damaged Concrete",
            "index": 47,
            "category": "category.3",
            "type_name": "ShaderNodeTree"
        },
        "59d6c79936be4cb7be8f": {
            "name": "Brick 2",
            "index": 42,
            "category": "category.2",
            "type_name": "ShaderNodeTree"
        },
        "e7b5073f80754dcaaacc": {
            "name": "Concrete 2",
            "index": 44,
            "category": "category.3",
            "type_name": "ShaderNodeTree"
        },
        "1d55a4778a3f40b5b55e": {
            "name": "Concrete",
            "index": 43,
            "category": "category.3",
            "type_name": "ShaderNodeTree"
        },
        "d761cd770b4e4e1fafc0": {
            "name": "Fabric Rough",
            "index": 55,
            "category": "category.4",
            "type_name": "ShaderNodeTree"
        },
        "4c5780c8943345e1adcb": {
            "name": "Blocks Glass",
            "index": 61,
            "category": "category.5",
            "type_name": "ShaderNodeTree"
        },
        "1b3e60a93a13427a8028": {
            "name": "Fingerprints Glass",
            "index": 58,
            "category": "category.5",
            "type_name": "ShaderNodeTree"
        },
        "6bf6fa602b3e423abf3f": {
            "name": "Wipe Glass",
            "index": 57,
            "category": "category.5",
            "type_name": "ShaderNodeTree"
        },
        "b7cd51e5feee46c9b1d5": {
            "name": "Mud Stain Glass",
            "index": 59,
            "category": "category.5",
            "type_name": "ShaderNodeTree"
        },
        "0a8a3de1ebf143ee92fd": {
            "name": "Vintage Glass",
            "index": 60,
            "category": "category.5",
            "type_name": "ShaderNodeTree"
        },
        "260cf428cdaf4c28ac89": {
            "name": "Fish Scale Glass",
            "index": 63,
            "category": "category.5",
            "type_name": "ShaderNodeTree"
        },
        "cbac6a80665c437ca1fe": {
            "name": "Aluminium Pure",
            "index": 2,
            "category": "category.7",
            "type_name": "ShaderNodeTree"
        },
        "f08ef214f4ad4b0e8a84": {
            "name": "Copper Pure",
            "index": 3,
            "category": "category.7",
            "type_name": "ShaderNodeTree"
        },
        "74a261d309d14030a42c": {
            "name": "Coated Metal",
            "index": 4,
            "category": "category.7",
            "type_name": "ShaderNodeTree"
        },
        "149ab230939340ec81f6": {
            "name": "Iron Hammered",
            "index": 8,
            "category": "category.7",
            "type_name": "ShaderNodeTree"
        },
        "8c000a45b65b4eef90e0": {
            "name": "Iron Raw",
            "index": 6,
            "category": "category.7",
            "type_name": "ShaderNodeTree"
        },
        "252728e9bea04818a309": {
            "name": "Bronze Armor",
            "index": 17,
            "category": "category.7",
            "type_name": "ShaderNodeTree"
        },
        "b5db62e20c9b4e8e8b5c": {
            "name": "Steel Painted Scratch",
            "index": 18,
            "category": "category.7",
            "type_name": "ShaderNodeTree"
        },
        "11d4369fc6294b9a981d": {
            "name": "Rusty Metal She",
            "index": 20,
            "category": "category.7",
            "type_name": "ShaderNodeTree"
        },
        "cc4799d686d844b6916b": {
            "name": "Paint Rusty Metal Sheet",
            "index": 21,
            "category": "category.7",
            "type_name": "ShaderNodeTree"
        },
        "c32d34835e3b407b9f1e": {
            "name": "Metal Rusty",
            "index": 22,
            "category": "category.7",
            "type_name": "ShaderNodeTree"
        },
        "8da046879d1e4af9b8f4": {
            "name": "Smart Metal Rus",
            "index": 23,
            "category": "category.7",
            "type_name": "ShaderNodeTree"
        },
        "43bd0d65e24b41649fe3": {
            "name": "Smart Copper Ru",
            "index": 24,
            "category": "category.7",
            "type_name": "ShaderNodeTree"
        },
        "027f45f0297e4a8c97e2": {
            "name": "Smart Rust Coar",
            "index": 25,
            "category": "category.7",
            "type_name": "ShaderNodeTree"
        },
        "12a1e101d1724ae3aa35": {
            "name": "Rusty Paint",
            "index": 26,
            "category": "category.7",
            "type_name": "ShaderNodeTree"
        },
        "dbaf7ea6aa564ed0a4a0": {
            "name": "Disposable Aluminum Magazine",
            "index": 27,
            "category": "category.7",
            "type_name": "ShaderNodeTree"
        },
        "01439fa69ea544dbbd07": {
            "name": "Brass Pure",
            "index": 11,
            "category": "category.7",
            "type_name": "ShaderNodeTree"
        },
        "1681ea3675c54d859512": {
            "name": "Plastic Rough Scratched",
            "index": 30,
            "category": "category.8",
            "type_name": "ShaderNodeTree"
        },
        "772a5550837d43f28ffb": {
            "name": "Via Lattea Granit",
            "index": 37,
            "category": "category.6",
            "type_name": "ShaderNodeTree"
        },
        "cbe01dfbc0304aa7a731": {
            "name": "Artificial Leather",
            "index": 33,
            "category": "category.12",
            "type_name": "ShaderNodeTree"
        },
        "29c7e33af79d41758be5": {
            "name": "Leather Back Side",
            "index": 34,
            "category": "category.12",
            "type_name": "ShaderNodeTree"
        },
        "997ac8df1f4542e39cde": {
            "name": "Concrete 3",
            "index": 45,
            "category": "category.3",
            "type_name": "ShaderNodeTree"
        }
    },
    "Surfaces": {
        "114ad2688356418ba06c": {
            "name": "Base Surface",
            "index": 0,
            "category": "other",
            "type_name": "ShaderNodeTree"
        },
        "7f82ea6c42db4ae7b1dd": {
            "name": "3D Noise Texture",
            "index": 1,
            "category": "category.1",
            "type_name": "ShaderNodeTree"
        },
        "4aaa07f02394478c8c87": {
            "name": "3D Musgrave Texture",
            "index": 2,
            "category": "category.1",
            "type_name": "ShaderNodeTree"
        },
        "e1fd18b2540244b2a4e0": {
            "name": "Brick Texture",
            "index": 4,
            "category": "category.1",
            "type_name": "ShaderNodeTree"
        },
        "9ff1a9fbb5ac4e9d9390": {
            "name": "Checker Texture",
            "index": 5,
            "category": "category.1",
            "type_name": "ShaderNodeTree"
        },
        "972a3e8b2d064d358af9": {
            "name": "Linear Gradient Texture",
            "index": 6,
            "category": "category.1",
            "type_name": "ShaderNodeTree"
        },
        "67cadfba8be546fca0cb": {
            "name": "Sine Wave Texture",
            "index": 7,
            "category": "category.1",
            "type_name": "ShaderNodeTree"
        },
        "ce2d6ab8e78f4cc3aa0a": {
            "name": "Magic Texture",
            "index": 8,
            "category": "category.1",
            "type_name": "ShaderNodeTree"
        },
        "dde8d8dd5ae74c2db8ad": {
            "name": "Woodland Camo",
            "index": 12,
            "category": "category.3",
            "type_name": "ShaderNodeTree"
        },
        "fa89395bd8354216b792": {
            "name": "Camo Desert",
            "index": 14,
            "category": "category.3",
            "type_name": "ShaderNodeTree"
        },
        "a4554f65713f4caaa4d5": {
            "name": "Digital Woodland Camo",
            "index": 13,
            "category": "category.3",
            "type_name": "ShaderNodeTree"
        },
        "3b77d76a2850434f88e4": {
            "name": "Digital Desert Camo",
            "index": 15,
            "category": "category.3",
            "type_name": "ShaderNodeTree"
        },
        "9108437fdbf34b18b72e": {
            "name": "Terrazzo Tiles",
            "index": 17,
            "category": "category.3",
            "type_name": "ShaderNodeTree"
        },
        "7a47fd89b18f468d9329": {
            "name": "Terrazzo Tiles 2",
            "index": 18,
            "category": "category.3",
            "type_name": "ShaderNodeTree"
        },
        "a176bd43e2ae4184936b": {
            "name": "Garden Rock",
            "index": 19,
            "category": "category.5",
            "type_name": "ShaderNodeTree"
        },
        "02ce3e90009a48d4be42": {
            "name": "Stripes",
            "index": 20,
            "category": "category.4",
            "type_name": "ShaderNodeTree"
        },
        "f0f29b2d3acc45dbb02e": {
            "name": "Granite",
            "index": 21,
            "category": "category.4",
            "type_name": "ShaderNodeTree"
        },
        "5022343e6cfa458e9f74": {
            "name": "Patchy Paint",
            "index": 24,
            "category": "category.4",
            "type_name": "ShaderNodeTree"
        },
        "7fdd263833fc40a8981f": {
            "name": "Falling  Dust",
            "index": 36,
            "category": "category.5",
            "type_name": "ShaderNodeTree"
        },
        "91c26030d9e74548ba06": {
            "name": "Dust From Top",
            "index": 37,
            "category": "category.5",
            "type_name": "ShaderNodeTree"
        },
        "2ed299cd7f684234bb78": {
            "name": "Rusty Dirt",
            "index": 39,
            "category": "category.5",
            "type_name": "ShaderNodeTree"
        },
        "7e8e3cce8f5841c39dc3": {
            "name": "AO Dirty",
            "index": 43,
            "category": "category.5",
            "type_name": "ShaderNodeTree"
        },
        "27eda4cf9665440eb3a9": {
            "name": "Normal Bake Map",
            "index": 44,
            "category": "category.2",
            "type_name": "ShaderNodeTree"
        },
        "f5a3c107e73047c287db": {
            "name": "ID Bake Map",
            "index": 45,
            "category": "category.2",
            "type_name": "ShaderNodeTree"
        },
        "90c7508a7edd4ac695c6": {
            "name": "AO Bake Map",
            "index": 46,
            "category": "category.2",
            "type_name": "ShaderNodeTree"
        },
        "b0b993ef834c46029089": {
            "name": "Curvature Bake Map",
            "index": 47,
            "category": "category.2",
            "type_name": "ShaderNodeTree"
        },
        "de778ab8b9284dcebaa7": {
            "name": "Arc",
            "index": 50,
            "category": "category.6",
            "type_name": "ShaderNodeTree"
        },
        "f70e15a2ac9041079b5c": {
            "name": "Arrow",
            "index": 49,
            "category": "category.6",
            "type_name": "ShaderNodeTree"
        },
        "5d9e5936a9434ac1a4ce": {
            "name": "Circle",
            "index": 51,
            "category": "category.6",
            "type_name": "ShaderNodeTree"
        },
        "51e0d1bbc3164b37b0bc": {
            "name": "Hexagon Grid",
            "index": 55,
            "category": "category.3",
            "type_name": "ShaderNodeTree"
        },
        "b14a8b63436948909015": {
            "name": "Polygon",
            "index": 53,
            "category": "category.6",
            "type_name": "ShaderNodeTree"
        },
        "3bc415f2a69a4f80a238": {
            "name": "Round Box",
            "index": 52,
            "category": "category.6",
            "type_name": "ShaderNodeTree"
        },
        "51eb824347ee44b9b6b9": {
            "name": "Star 5",
            "index": 48,
            "category": "category.6",
            "type_name": "ShaderNodeTree"
        },
        "dd287ba0bcb6405d88e7": {
            "name": "Truchet",
            "index": 54,
            "category": "category.6",
            "type_name": "ShaderNodeTree"
        },
        "0a96c500f3f0496bb3d0": {
            "name": "Dots 2",
            "index": 11,
            "category": "category.3",
            "type_name": "ShaderNodeTree"
        },
        "8a0d925006884d62b53e": {
            "name": "Trellis",
            "index": 9,
            "category": "category.3",
            "type_name": "ShaderNodeTree"
        },
        "e6b6d5b36c7e451482e6": {
            "name": "Dots",
            "index": 10,
            "category": "category.3",
            "type_name": "ShaderNodeTree"
        },
        "bf1ca394031a43d0a466": {
            "name": "Contour Lines",
            "index": 16,
            "category": "category.3",
            "type_name": "ShaderNodeTree"
        },
        "84baa62d9478415fbe16": {
            "name": "Leaking",
            "index": 22,
            "category": "category.5",
            "type_name": "ShaderNodeTree"
        },
        "fa32d64e9173431590eb": {
            "name": "Dust Ground",
            "index": 38,
            "category": "category.5",
            "type_name": "ShaderNodeTree"
        },
        "c1990a518ee9495b8a3a": {
            "name": "Metal Scratches",
            "index": 25,
            "category": "category.4",
            "type_name": "ShaderNodeTree"
        },
        "2318092eb8834be5a7f2": {
            "name": "Crumpled Paper",
            "index": 26,
            "category": "category.4",
            "type_name": "ShaderNodeTree"
        },
        "302a433c7df54c55834d": {
            "name": "Paper",
            "index": 27,
            "category": "category.4",
            "type_name": "ShaderNodeTree"
        },
        "6c16e632ac6e445098b5": {
            "name": "Painted Wall",
            "index": 28,
            "category": "category.4",
            "type_name": "ShaderNodeTree"
        },
        "d086f40e464448dbb807": {
            "name": "Wipe",
            "index": 35,
            "category": "category.4",
            "type_name": "ShaderNodeTree"
        },
        "aa083fec8960480baa89": {
            "name": "Fingerprints",
            "index": 29,
            "category": "category.5",
            "type_name": "ShaderNodeTree"
        },
        "f570fe422733441a96af": {
            "name": "Scratched",
            "index": 30,
            "category": "category.5",
            "type_name": "ShaderNodeTree"
        },
        "f8a57f0da0434aeba1f9": {
            "name": "Dust",
            "index": 31,
            "category": "category.5",
            "type_name": "ShaderNodeTree"
        },
        "8f780533c8494ccf9bf5": {
            "name": "Gain",
            "index": 33,
            "category": "category.5",
            "type_name": "ShaderNodeTree"
        },
        "c00b3688d84a42f68f84": {
            "name": "Grunge",
            "index": 34,
            "category": "category.5",
            "type_name": "ShaderNodeTree"
        },
        "ae87429ffcd94236b6cf": {
            "name": "AO Rusty",
            "index": 40,
            "category": "category.5",
            "type_name": "ShaderNodeTree"
        },
        "4f3a771e965642628815": {
            "name": "Edge Scratched",
            "index": 41,
            "category": "category.5",
            "type_name": "ShaderNodeTree"
        },
        "d52ef2e64e7949f1972b": {
            "name": "Paint Peeling Edge",
            "index": 42,
            "category": "category.5",
            "type_name": "ShaderNodeTree"
        },
        "1f8160335a22455191d0": {
            "name": "Leaking 2",
            "index": 23,
            "category": "category.5",
            "type_name": "ShaderNodeTree"
        },
        "40040d38d49f438baf4e": {
            "name": "3D Voronoi Texture",
            "index": 3,
            "category": "category.1",
            "type_name": "ShaderNodeTree"
        },
        "f5e8a365cc8644f69456": {
            "name": "Dirty Oil",
            "index": 32,
            "category": "category.5",
            "type_name": "ShaderNodeTree"
        }
    },
    "Brushes": {
        "5f6007020eb14dae8bdf": {
            "name": "Basic Brush",
            "index": 0,
            "category": "other",
            "type_name": "Brush"
        },
        "c6c612de4fef42a9adb0": {
            "name": "Marker",
            "index": 3,
            "category": "other",
            "type_name": "Brush"
        },
        "c5345abb4d4148c88272": {
            "name": "Soft Edge",
            "index": 4,
            "category": "other",
            "type_name": "Brush"
        },
        "5e98edb1bf8244eea0ab": {
            "name": "Seam 2",
            "index": 25,
            "category": "other",
            "type_name": "Brush"
        },
        "5b3a3211c8a6483da808": {
            "name": "Radial Gradient",
            "index": 27,
            "category": "other",
            "type_name": "Brush"
        },
        "4d9e3a9bff9d4191a1cd": {
            "name": "Linear Gradient",
            "index": 26,
            "category": "other",
            "type_name": "Brush"
        },
        "c148e87ee80c4a438e63": {
            "name": "Voronoi",
            "index": 30,
            "category": "other",
            "type_name": "Brush"
        },
        "bab251d595464d749da0": {
            "name": "Clouds",
            "index": 28,
            "category": "other",
            "type_name": "Brush"
        },
        "9739b53cf03b4460a3da": {
            "name": "Line",
            "index": 25.5,
            "category": "other",
            "type_name": "Brush"
        },
        "72f5e56161b94af5ae8b": {
            "name": "Gradian Repeat",
            "index": 1,
            "category": "other",
            "type_name": "Brush"
        },
        "8c49052478f2446b9448": {
            "name": "Strake",
            "index": 5,
            "category": "other",
            "type_name": "Brush"
        },
        "8343e4408db1426c81f6": {
            "name": "Oil Spill",
            "index": 6,
            "category": "other",
            "type_name": "Brush"
        },
        "c1441897a5d14a8581ad": {
            "name": "Damp",
            "index": 7,
            "category": "other",
            "type_name": "Brush"
        },
        "002cc816079149a2912c": {
            "name": "Stains",
            "index": 8,
            "category": "other",
            "type_name": "Brush"
        },
        "2f5adde667b44fe6bfc9": {
            "name": "Sponges",
            "index": 9,
            "category": "other",
            "type_name": "Brush"
        },
        "2f7bc166535d45db8bbc": {
            "name": "Gain",
            "index": 10,
            "category": "other",
            "type_name": "Brush"
        },
        "2d2476fca2d04eaf9a8a": {
            "name": "Stone",
            "index": 11,
            "category": "other",
            "type_name": "Brush"
        },
        "32a5aeafc64f43e2be3d": {
            "name": "Rough Round",
            "index": 12,
            "category": "other",
            "type_name": "Brush"
        },
        "c01deb0df7ec47da9193": {
            "name": "Bristle",
            "index": 13,
            "category": "other",
            "type_name": "Brush"
        },
        "115c5254bf9b4957b355": {
            "name": "Rust",
            "index": 14,
            "category": "other",
            "type_name": "Brush"
        },
        "32928dfa5b5743aa8758": {
            "name": "Scratch",
            "index": 15,
            "category": "other",
            "type_name": "Brush"
        },
        "ff68c509d89d4ecb8f9e": {
            "name": "Fingerprint",
            "index": 16,
            "category": "other",
            "type_name": "Brush"
        },
        "ad4025c53ceb4b23be47": {
            "name": "Leakage",
            "index": 17,
            "category": "other",
            "type_name": "Brush"
        },
        "004d85f465b6400ba9a5": {
            "name": "Leakage 2",
            "index": 18,
            "category": "other",
            "type_name": "Brush"
        },
        "904387b782d24ad18156": {
            "name": "Leakage 3",
            "index": 19,
            "category": "other",
            "type_name": "Brush"
        },
        "8b7b0289c3cf4be78553": {
            "name": "Cracks",
            "index": 20,
            "category": "other",
            "type_name": "Brush"
        },
        "4c348790c40d4e6a86ab": {
            "name": "Cracks 2",
            "index": 21,
            "category": "other",
            "type_name": "Brush"
        },
        "b11758c587d8471696e1": {
            "name": "Random Dots",
            "index": 23,
            "category": "other",
            "type_name": "Brush"
        },
        "1368fd95cf554dda8958": {
            "name": "Seam",
            "index": 24,
            "category": "other",
            "type_name": "Brush"
        },
        "88077bf65dbc4817a606": {
            "name": "Screw",
            "index": 31,
            "category": "other",
            "type_name": "Brush"
        },
        "0e03bfa7e8e043dd8a93": {
            "name": "Random Rings",
            "index": 22,
            "category": "other",
            "type_name": "Brush"
        },
        "3191efda95ff4bfa8cb0": {
            "name": "Air",
            "index": 2,
            "category": "other",
            "type_name": "Brush"
        }
    }
}