{
    "Defaults": {},
    "Materials": {
        "category.1": "Asphalt",
        "category.2": "Brick",
        "category.3": "Concrete",
        "category.4": "Fabric",
        "category.5": "Glass",
        "category.6": "Marble",
        "category.7": "Metal",
        "category.8": "Plastic",
        "category.9": "Stone",
        "category.10": "Tile",
        "category.11": "Wood",
        "category.12": "Organic"
    },
    "Surfaces": {
        "category.1": "Blender",
        "category.2": "Bake map",
        "category.3": "Pattern",
        "category.4": "Artificial",
        "category.5": "Nature",
        "category.6": "SDF"
    },
    "Brushes": {
        "category.1": "Pattern",
        "category.2": "Artificial",
        "category.3": "Nature"
    }
}