{
    "new": {
        "name": "new",
        "attrs": {
            "cage_extrusion": 0.03500000014901161,
            "device": "CPU",
            "export_type": "ACTIVE",
            "expressions": "$Material",
            "filename": "$Material_$Slot",
            "filepath": "//",
            "is_baking": 0,
            "margin": 16,
            "max_ray_distance": 0.0,
            "quality": 2,
            "size": "2048",
            "slots": {}
        }
    },
    "preset": {
        "attrs": {
            "cage_extrusion": 0.03500000014901161,
            "device": "CPU",
            "export_type": "ACTIVE",
            "expressions": "$Material",
            "filename": "$Material_$Slot",
            "filepath": "//",
            "is_baking": 0,
            "margin": 16,
            "max_ray_distance": 0.0,
            "quality": 2,
            "size": "2048",
            "slots": {
                "Base Color": {
                    "Alpha": {
                        "name": "Alpha",
                        "bake_type": "EMIT",
                        "color_space": "Non-Color",
                        "shader_output": "Alpha"
                    },
                    "Blue": {
                        "name": "",
                        "bake_type": "",
                        "color_space": "",
                        "shader_output": ""
                    },
                    "Green": {
                        "name": "",
                        "bake_type": "",
                        "color_space": "",
                        "shader_output": ""
                    },
                    "RGB": {
                        "name": "Base Color",
                        "bake_type": "EMIT",
                        "color_space": "sRGB",
                        "shader_output": "Base Color"
                    },
                    "Red": {
                        "name": "",
                        "bake_type": "",
                        "color_space": "",
                        "shader_output": ""
                    },
                    "image_settings": {
                        "cineon_black": 0,
                        "cineon_gamma": 0.0,
                        "cineon_white": 0,
                        "color_depth": "16",
                        "color_mode": "RGBA",
                        "compression": 15,
                        "exr_codec": "NONE",
                        "file_format": "OPEN_EXR",
                        "jpeg2k_codec": "JP2",
                        "quality": 90,
                        "tiff_codec": "DEFLATE",
                        "use_cineon_log": 0,
                        "use_jpeg2k_cinema_48": 0,
                        "use_jpeg2k_cinema_preset": 0,
                        "use_jpeg2k_ycc": 0,
                        "use_preview": 0,
                        "use_zbuffer": 0
                    },
                    "is_baking": 0,
                    "output_type": "RGB$.Alpha"
                },
                "Metallic": {
                    "Alpha": {
                        "name": "",
                        "bake_type": "",
                        "color_space": "",
                        "shader_output": ""
                    },
                    "Blue": {
                        "name": "",
                        "bake_type": "",
                        "color_space": "",
                        "shader_output": ""
                    },
                    "Green": {
                        "name": "",
                        "bake_type": "",
                        "color_space": "",
                        "shader_output": ""
                    },
                    "RGB": {
                        "name": "Metallic",
                        "bake_type": "EMIT",
                        "color_space": "Non-Color",
                        "shader_output": "Metallic"
                    },
                    "Red": {
                        "name": "",
                        "bake_type": "",
                        "color_space": "",
                        "shader_output": ""
                    },
                    "image_settings": {
                        "cineon_black": 0,
                        "cineon_gamma": 0.0,
                        "cineon_white": 0,
                        "color_depth": "32",
                        "color_mode": "BW",
                        "compression": 15,
                        "exr_codec": "NONE",
                        "file_format": "OPEN_EXR",
                        "jpeg2k_codec": "JP2",
                        "quality": 90,
                        "tiff_codec": "DEFLATE",
                        "use_cineon_log": 0,
                        "use_jpeg2k_cinema_48": 0,
                        "use_jpeg2k_cinema_preset": 0,
                        "use_jpeg2k_ycc": 0,
                        "use_preview": 0,
                        "use_zbuffer": 0
                    },
                    "is_baking": 0,
                    "output_type": "RGB"
                },
                "Roughness": {
                    "Alpha": {
                        "name": "",
                        "bake_type": "",
                        "color_space": "",
                        "shader_output": ""
                    },
                    "Blue": {
                        "name": "",
                        "bake_type": "",
                        "color_space": "",
                        "shader_output": ""
                    },
                    "Green": {
                        "name": "",
                        "bake_type": "",
                        "color_space": "",
                        "shader_output": ""
                    },
                    "RGB": {
                        "name": "Roughness",
                        "bake_type": "EMIT",
                        "color_space": "Non-Color",
                        "shader_output": "Roughness"
                    },
                    "Red": {
                        "name": "",
                        "bake_type": "",
                        "color_space": "",
                        "shader_output": ""
                    },
                    "image_settings": {
                        "cineon_black": 0,
                        "cineon_gamma": 0.0,
                        "cineon_white": 0,
                        "color_depth": "32",
                        "color_mode": "BW",
                        "compression": 15,
                        "exr_codec": "NONE",
                        "file_format": "OPEN_EXR",
                        "jpeg2k_codec": "JP2",
                        "quality": 90,
                        "tiff_codec": "DEFLATE",
                        "use_cineon_log": 0,
                        "use_jpeg2k_cinema_48": 0,
                        "use_jpeg2k_cinema_preset": 0,
                        "use_jpeg2k_ycc": 0,
                        "use_preview": 0,
                        "use_zbuffer": 0
                    },
                    "is_baking": 0,
                    "output_type": "RGB"
                },
                "Normal": {
                    "Alpha": {
                        "name": "",
                        "bake_type": "",
                        "color_space": "",
                        "shader_output": ""
                    },
                    "Blue": {
                        "name": "",
                        "bake_type": "",
                        "color_space": "",
                        "shader_output": ""
                    },
                    "Green": {
                        "name": "",
                        "bake_type": "",
                        "color_space": "",
                        "shader_output": ""
                    },
                    "RGB": {
                        "name": "NORMAL OpenGL",
                        "bake_type": "NORMAL",
                        "color_space": "Non-Color",
                        "shader_output": "Material",
                        "normal_format": "POS_Y"
                    },
                    "Red": {
                        "name": "",
                        "bake_type": "",
                        "color_space": "",
                        "shader_output": ""
                    },
                    "image_settings": {
                        "cineon_black": 0,
                        "cineon_gamma": 0.0,
                        "cineon_white": 0,
                        "color_depth": "32",
                        "color_mode": "RGB",
                        "compression": 15,
                        "exr_codec": "NONE",
                        "file_format": "OPEN_EXR",
                        "jpeg2k_codec": "JP2",
                        "quality": 90,
                        "tiff_codec": "DEFLATE",
                        "use_cineon_log": 0,
                        "use_jpeg2k_cinema_48": 0,
                        "use_jpeg2k_cinema_preset": 0,
                        "use_jpeg2k_ycc": 0,
                        "use_preview": 0,
                        "use_zbuffer": 0
                    },
                    "is_baking": 0,
                    "output_type": "RGB"
                }
            },
            "uv_layer": ""
        },
        "name": "Metallic Roughness"
    },
    "preset.1": {
        "attrs": {
            "cage_extrusion": 0.03500000014901161,
            "device": "CPU",
            "export_type": "ACTIVE",
            "expressions": "$Material",
            "filename": "$Material_$Slot",
            "filepath": "//",
            "is_baking": 0,
            "margin": 16,
            "max_ray_distance": 0.0,
            "quality": 2,
            "size": "2048",
            "slots": {
                "Diffuse": {
                    "Alpha": {
                        "name": "Alpha",
                        "bake_type": "EMIT",
                        "color_space": "Non-Color",
                        "shader_output": "Alpha"
                    },
                    "Blue": {
                        "name": "",
                        "bake_type": "",
                        "color_space": "",
                        "shader_output": ""
                    },
                    "Green": {
                        "name": "",
                        "bake_type": "",
                        "color_space": "",
                        "shader_output": ""
                    },
                    "RGB": {
                        "name": "Diffuse",
                        "bake_type": "EMIT",
                        "color_space": "sRGB",
                        "shader_output": "Diffuse"
                    },
                    "Red": {
                        "name": "",
                        "bake_type": "",
                        "color_space": "",
                        "shader_output": ""
                    },
                    "image_settings": {
                        "cineon_black": 0,
                        "cineon_gamma": 0.0,
                        "cineon_white": 0,
                        "color_depth": "16",
                        "color_mode": "RGBA",
                        "compression": 15,
                        "exr_codec": "NONE",
                        "file_format": "OPEN_EXR",
                        "jpeg2k_codec": "JP2",
                        "quality": 90,
                        "tiff_codec": "DEFLATE",
                        "use_cineon_log": 0,
                        "use_jpeg2k_cinema_48": 0,
                        "use_jpeg2k_cinema_preset": 0,
                        "use_jpeg2k_ycc": 0,
                        "use_preview": 0,
                        "use_zbuffer": 0
                    },
                    "is_baking": 0,
                    "output_type": "RGB$.Alpha"
                },
                "Specular": {
                    "Alpha": {
                        "name": "",
                        "bake_type": "",
                        "color_space": "",
                        "shader_output": ""
                    },
                    "Blue": {
                        "name": "",
                        "bake_type": "",
                        "color_space": "",
                        "shader_output": ""
                    },
                    "Green": {
                        "name": "",
                        "bake_type": "",
                        "color_space": "",
                        "shader_output": ""
                    },
                    "RGB": {
                        "name": "Specular",
                        "bake_type": "EMIT",
                        "color_space": "sRGB",
                        "shader_output": "Specular"
                    },
                    "Red": {
                        "name": "",
                        "bake_type": "",
                        "color_space": "",
                        "shader_output": ""
                    },
                    "image_settings": {
                        "cineon_black": 0,
                        "cineon_gamma": 0.0,
                        "cineon_white": 0,
                        "color_depth": "16",
                        "color_mode": "BW",
                        "compression": 15,
                        "exr_codec": "NONE",
                        "file_format": "OPEN_EXR",
                        "jpeg2k_codec": "JP2",
                        "quality": 90,
                        "tiff_codec": "DEFLATE",
                        "use_cineon_log": 0,
                        "use_jpeg2k_cinema_48": 0,
                        "use_jpeg2k_cinema_preset": 0,
                        "use_jpeg2k_ycc": 0,
                        "use_preview": 0,
                        "use_zbuffer": 0
                    },
                    "is_baking": 0,
                    "output_type": "RGB"
                },
                "Glossiness": {
                    "Alpha": {
                        "name": "",
                        "bake_type": "",
                        "color_space": "",
                        "shader_output": ""
                    },
                    "Blue": {
                        "name": "",
                        "bake_type": "",
                        "color_space": "",
                        "shader_output": ""
                    },
                    "Green": {
                        "name": "",
                        "bake_type": "",
                        "color_space": "",
                        "shader_output": ""
                    },
                    "RGB": {
                        "name": "Glossiness",
                        "bake_type": "EMIT",
                        "color_space": "Non-Color",
                        "shader_output": "Glossiness"
                    },
                    "Red": {
                        "name": "",
                        "bake_type": "",
                        "color_space": "",
                        "shader_output": ""
                    },
                    "image_settings": {
                        "cineon_black": 0,
                        "cineon_gamma": 0.0,
                        "cineon_white": 0,
                        "color_depth": "16",
                        "color_mode": "BW",
                        "compression": 15,
                        "exr_codec": "NONE",
                        "file_format": "OPEN_EXR",
                        "jpeg2k_codec": "JP2",
                        "quality": 90,
                        "tiff_codec": "DEFLATE",
                        "use_cineon_log": 0,
                        "use_jpeg2k_cinema_48": 0,
                        "use_jpeg2k_cinema_preset": 0,
                        "use_jpeg2k_ycc": 0,
                        "use_preview": 0,
                        "use_zbuffer": 0
                    },
                    "is_baking": 0,
                    "output_type": "RGB"
                },
                "Normal": {
                    "Alpha": {
                        "name": "",
                        "bake_type": "",
                        "color_space": "",
                        "shader_output": ""
                    },
                    "Blue": {
                        "name": "",
                        "bake_type": "",
                        "color_space": "",
                        "shader_output": ""
                    },
                    "Green": {
                        "name": "",
                        "bake_type": "",
                        "color_space": "",
                        "shader_output": ""
                    },
                    "RGB": {
                        "name": "NORMAL OpenGL",
                        "bake_type": "NORMAL",
                        "color_space": "Non-Color",
                        "shader_output": "Material",
                        "normal_format": "POS_Y"
                    },
                    "Red": {
                        "name": "",
                        "bake_type": "",
                        "color_space": "",
                        "shader_output": ""
                    },
                    "image_settings": {
                        "cineon_black": 0,
                        "cineon_gamma": 0.0,
                        "cineon_white": 0,
                        "color_depth": "32",
                        "color_mode": "RGB",
                        "compression": 15,
                        "exr_codec": "NONE",
                        "file_format": "OPEN_EXR",
                        "jpeg2k_codec": "JP2",
                        "quality": 90,
                        "tiff_codec": "DEFLATE",
                        "use_cineon_log": 0,
                        "use_jpeg2k_cinema_48": 0,
                        "use_jpeg2k_cinema_preset": 0,
                        "use_jpeg2k_ycc": 0,
                        "use_preview": 0,
                        "use_zbuffer": 0
                    },
                    "is_baking": 0,
                    "output_type": "RGB"
                }
            },
            "uv_layer": ""
        },
        "name": "Specular Glossiness"
    },
    "preset.3": {
        "attrs": {
            "cage_extrusion": 0.03500000014901161,
            "device": "CPU",
            "export_type": "ACTIVE",
            "expressions": "$Material",
            "filename": "$Material_$Slot",
            "filepath": "//",
            "is_baking": 0,
            "margin": 16,
            "max_ray_distance": 0.0,
            "quality": 2,
            "size": "2048",
            "slots": {
                "Base Color": {
                    "Alpha": {
                        "name": "Alpha",
                        "bake_type": "EMIT",
                        "color_space": "Non-Color",
                        "shader_output": "Alpha"
                    },
                    "Blue": {
                        "name": "",
                        "bake_type": "",
                        "color_space": "",
                        "shader_output": ""
                    },
                    "Green": {
                        "name": "",
                        "bake_type": "",
                        "color_space": "",
                        "shader_output": ""
                    },
                    "RGB": {
                        "name": "Base Color",
                        "bake_type": "EMIT",
                        "color_space": "sRGB",
                        "shader_output": "Base Color"
                    },
                    "Red": {
                        "name": "",
                        "bake_type": "",
                        "color_space": "",
                        "shader_output": ""
                    },
                    "image_settings": {
                        "cineon_black": 0,
                        "cineon_gamma": 0.0,
                        "cineon_white": 0,
                        "color_depth": "16",
                        "color_mode": "RGBA",
                        "compression": 15,
                        "exr_codec": "NONE",
                        "file_format": "OPEN_EXR",
                        "jpeg2k_codec": "JP2",
                        "quality": 90,
                        "tiff_codec": "DEFLATE",
                        "use_cineon_log": 0,
                        "use_jpeg2k_cinema_48": 0,
                        "use_jpeg2k_cinema_preset": 0,
                        "use_jpeg2k_ycc": 0,
                        "use_preview": 0,
                        "use_zbuffer": 0
                    },
                    "is_baking": 0,
                    "output_type": "RGB$.Alpha"
                },
                "Roughness": {
                    "Alpha": {
                        "name": "",
                        "bake_type": "",
                        "color_space": "",
                        "shader_output": ""
                    },
                    "Blue": {
                        "name": "",
                        "bake_type": "",
                        "color_space": "",
                        "shader_output": ""
                    },
                    "Green": {
                        "name": "",
                        "bake_type": "",
                        "color_space": "",
                        "shader_output": ""
                    },
                    "RGB": {
                        "name": "Roughness",
                        "bake_type": "EMIT",
                        "color_space": "Non-Color",
                        "shader_output": "Roughness"
                    },
                    "Red": {
                        "name": "",
                        "bake_type": "",
                        "color_space": "",
                        "shader_output": ""
                    },
                    "image_settings": {
                        "cineon_black": 0,
                        "cineon_gamma": 0.0,
                        "cineon_white": 0,
                        "color_depth": "16",
                        "color_mode": "BW",
                        "compression": 15,
                        "exr_codec": "NONE",
                        "file_format": "OPEN_EXR",
                        "jpeg2k_codec": "JP2",
                        "quality": 90,
                        "tiff_codec": "DEFLATE",
                        "use_cineon_log": 0,
                        "use_jpeg2k_cinema_48": 0,
                        "use_jpeg2k_cinema_preset": 0,
                        "use_jpeg2k_ycc": 0,
                        "use_preview": 0,
                        "use_zbuffer": 0
                    },
                    "is_baking": 0,
                    "output_type": "RGB"
                },
                "Normal": {
                    "Alpha": {
                        "name": "",
                        "bake_type": "",
                        "color_space": "",
                        "shader_output": ""
                    },
                    "Blue": {
                        "name": "",
                        "bake_type": "",
                        "color_space": "",
                        "shader_output": ""
                    },
                    "Green": {
                        "name": "",
                        "bake_type": "",
                        "color_space": "",
                        "shader_output": ""
                    },
                    "RGB": {
                        "name": "NORMAL OpenGL",
                        "bake_type": "NORMAL",
                        "color_space": "Non-Color",
                        "shader_output": "Material",
                        "normal_format": "POS_Y"
                    },
                    "Red": {
                        "name": "",
                        "bake_type": "",
                        "color_space": "",
                        "shader_output": ""
                    },
                    "image_settings": {
                        "cineon_black": 0,
                        "cineon_gamma": 0.0,
                        "cineon_white": 0,
                        "color_depth": "32",
                        "color_mode": "RGB",
                        "compression": 15,
                        "exr_codec": "NONE",
                        "file_format": "OPEN_EXR",
                        "jpeg2k_codec": "JP2",
                        "quality": 90,
                        "tiff_codec": "DEFLATE",
                        "use_cineon_log": 0,
                        "use_jpeg2k_cinema_48": 0,
                        "use_jpeg2k_cinema_preset": 0,
                        "use_jpeg2k_ycc": 0,
                        "use_preview": 0,
                        "use_zbuffer": 0
                    },
                    "is_baking": 0,
                    "output_type": "RGB"
                }
            },
            "uv_layer": ""
        },
        "name": "Non-PBR Roughness"
    },
    "preset.2": {
        "attrs": {
            "cage_extrusion": 0.03500000014901161,
            "device": "CPU",
            "export_type": "ACTIVE",
            "expressions": "$Material",
            "filename": "$Material_$Slot",
            "filepath": "//",
            "is_baking": 0,
            "margin": 16,
            "max_ray_distance": 0.0,
            "quality": 2,
            "size": "2048",
            "slots": {
                "Diffuse": {
                    "Alpha": {
                        "name": "Alpha",
                        "bake_type": "EMIT",
                        "color_space": "Non-Color",
                        "shader_output": "Alpha"
                    },
                    "Blue": {
                        "name": "",
                        "bake_type": "",
                        "color_space": "",
                        "shader_output": ""
                    },
                    "Green": {
                        "name": "",
                        "bake_type": "",
                        "color_space": "",
                        "shader_output": ""
                    },
                    "RGB": {
                        "name": "Diffuse",
                        "bake_type": "EMIT",
                        "color_space": "sRGB",
                        "shader_output": "Diffuse"
                    },
                    "Red": {
                        "name": "",
                        "bake_type": "",
                        "color_space": "",
                        "shader_output": ""
                    },
                    "image_settings": {
                        "cineon_black": 0,
                        "cineon_gamma": 0.0,
                        "cineon_white": 0,
                        "color_depth": "16",
                        "color_mode": "RGBA",
                        "compression": 15,
                        "exr_codec": "NONE",
                        "file_format": "OPEN_EXR",
                        "jpeg2k_codec": "JP2",
                        "quality": 90,
                        "tiff_codec": "DEFLATE",
                        "use_cineon_log": 0,
                        "use_jpeg2k_cinema_48": 0,
                        "use_jpeg2k_cinema_preset": 0,
                        "use_jpeg2k_ycc": 0,
                        "use_preview": 0,
                        "use_zbuffer": 0
                    },
                    "is_baking": 0,
                    "output_type": "RGB$.Alpha"
                },
                "Glossiness": {
                    "Alpha": {
                        "name": "",
                        "bake_type": "",
                        "color_space": "",
                        "shader_output": ""
                    },
                    "Blue": {
                        "name": "",
                        "bake_type": "",
                        "color_space": "",
                        "shader_output": ""
                    },
                    "Green": {
                        "name": "",
                        "bake_type": "",
                        "color_space": "",
                        "shader_output": ""
                    },
                    "RGB": {
                        "name": "Glossiness",
                        "bake_type": "EMIT",
                        "color_space": "Non-Color",
                        "shader_output": "Glossiness"
                    },
                    "Red": {
                        "name": "",
                        "bake_type": "",
                        "color_space": "",
                        "shader_output": ""
                    },
                    "image_settings": {
                        "cineon_black": 0,
                        "cineon_gamma": 0.0,
                        "cineon_white": 0,
                        "color_depth": "16",
                        "color_mode": "BW",
                        "compression": 15,
                        "exr_codec": "NONE",
                        "file_format": "OPEN_EXR",
                        "jpeg2k_codec": "JP2",
                        "quality": 90,
                        "tiff_codec": "DEFLATE",
                        "use_cineon_log": 0,
                        "use_jpeg2k_cinema_48": 0,
                        "use_jpeg2k_cinema_preset": 0,
                        "use_jpeg2k_ycc": 0,
                        "use_preview": 0,
                        "use_zbuffer": 0
                    },
                    "is_baking": 0,
                    "output_type": "RGB"
                },
                "Normal": {
                    "Alpha": {
                        "name": "",
                        "bake_type": "",
                        "color_space": "",
                        "shader_output": ""
                    },
                    "Blue": {
                        "name": "",
                        "bake_type": "",
                        "color_space": "",
                        "shader_output": ""
                    },
                    "Green": {
                        "name": "",
                        "bake_type": "",
                        "color_space": "",
                        "shader_output": ""
                    },
                    "RGB": {
                        "name": "NORMAL OpenGL",
                        "bake_type": "NORMAL",
                        "color_space": "Non-Color",
                        "shader_output": "Material",
                        "normal_format": "POS_Y"
                    },
                    "Red": {
                        "name": "",
                        "bake_type": "",
                        "color_space": "",
                        "shader_output": ""
                    },
                    "image_settings": {
                        "cineon_black": 0,
                        "cineon_gamma": 0.0,
                        "cineon_white": 0,
                        "color_depth": "32",
                        "color_mode": "RGB",
                        "compression": 15,
                        "exr_codec": "NONE",
                        "file_format": "OPEN_EXR",
                        "jpeg2k_codec": "JP2",
                        "quality": 90,
                        "tiff_codec": "DEFLATE",
                        "use_cineon_log": 0,
                        "use_jpeg2k_cinema_48": 0,
                        "use_jpeg2k_cinema_preset": 0,
                        "use_jpeg2k_ycc": 0,
                        "use_preview": 0,
                        "use_zbuffer": 0
                    },
                    "is_baking": 0,
                    "output_type": "RGB"
                }
            },
            "uv_layer": ""
        },
        "name": "Non-PBR Glossiness"
    },
    "preset.4": {
        "attrs": {
            "cage_extrusion": 0.03500000014901161,
            "device": "CPU",
            "export_type": "ACTIVE",
            "expressions": "$Material",
            "filename": "$Material_$Slot",
            "filepath": "//",
            "is_baking": 0,
            "margin": 16,
            "max_ray_distance": 0.0,
            "quality": 2,
            "size": "2048",
            "slots": {
                "Base Color": {
                    "Alpha": {
                        "name": "",
                        "bake_type": "",
                        "color_space": "",
                        "shader_output": ""
                    },
                    "Blue": {
                        "name": "",
                        "bake_type": "",
                        "color_space": "",
                        "shader_output": ""
                    },
                    "Green": {
                        "name": "",
                        "bake_type": "",
                        "color_space": "",
                        "shader_output": ""
                    },
                    "RGB": {
                        "name": "Base Color",
                        "bake_type": "EMIT",
                        "color_space": "sRGB",
                        "shader_output": "Base Color"
                    },
                    "Red": {
                        "name": "",
                        "bake_type": "",
                        "color_space": "",
                        "shader_output": ""
                    },
                    "image_settings": {
                        "cineon_black": 0,
                        "cineon_gamma": 0.0,
                        "cineon_white": 0,
                        "color_depth": "8",
                        "color_mode": "RGB",
                        "compression": 15,
                        "exr_codec": "NONE",
                        "file_format": "PNG",
                        "jpeg2k_codec": "JP2",
                        "quality": 90,
                        "tiff_codec": "DEFLATE",
                        "use_cineon_log": 0,
                        "use_jpeg2k_cinema_48": 0,
                        "use_jpeg2k_cinema_preset": 0,
                        "use_jpeg2k_ycc": 0,
                        "use_preview": 0,
                        "use_zbuffer": 0
                    },
                    "is_baking": 0,
                    "output_type": "RGB"
                },
                "Metallic": {
                    "Alpha": {
                        "name": "",
                        "bake_type": "",
                        "color_space": "",
                        "shader_output": ""
                    },
                    "Blue": {
                        "name": "",
                        "bake_type": "",
                        "color_space": "",
                        "shader_output": ""
                    },
                    "Green": {
                        "name": "",
                        "bake_type": "",
                        "color_space": "",
                        "shader_output": ""
                    },
                    "RGB": {
                        "name": "Metallic",
                        "bake_type": "EMIT",
                        "color_space": "Non-Color",
                        "shader_output": "Metallic"
                    },
                    "Red": {
                        "name": "",
                        "bake_type": "",
                        "color_space": "",
                        "shader_output": ""
                    },
                    "image_settings": {
                        "cineon_black": 0,
                        "cineon_gamma": 0.0,
                        "cineon_white": 0,
                        "color_depth": "16",
                        "color_mode": "BW",
                        "compression": 15,
                        "exr_codec": "NONE",
                        "file_format": "PNG",
                        "jpeg2k_codec": "JP2",
                        "quality": 90,
                        "tiff_codec": "DEFLATE",
                        "use_cineon_log": 0,
                        "use_jpeg2k_cinema_48": 0,
                        "use_jpeg2k_cinema_preset": 0,
                        "use_jpeg2k_ycc": 0,
                        "use_preview": 0,
                        "use_zbuffer": 0
                    },
                    "is_baking": 0,
                    "output_type": "RGB"
                },
                "Roughness": {
                    "Alpha": {
                        "name": "",
                        "bake_type": "",
                        "color_space": "",
                        "shader_output": ""
                    },
                    "Blue": {
                        "name": "",
                        "bake_type": "",
                        "color_space": "",
                        "shader_output": ""
                    },
                    "Green": {
                        "name": "",
                        "bake_type": "",
                        "color_space": "",
                        "shader_output": ""
                    },
                    "RGB": {
                        "name": "Roughness",
                        "bake_type": "EMIT",
                        "color_space": "Non-Color",
                        "shader_output": "Roughness"
                    },
                    "Red": {
                        "name": "",
                        "bake_type": "",
                        "color_space": "",
                        "shader_output": ""
                    },
                    "image_settings": {
                        "cineon_black": 0,
                        "cineon_gamma": 0.0,
                        "cineon_white": 0,
                        "color_depth": "16",
                        "color_mode": "BW",
                        "compression": 15,
                        "exr_codec": "NONE",
                        "file_format": "PNG",
                        "jpeg2k_codec": "JP2",
                        "quality": 90,
                        "tiff_codec": "DEFLATE",
                        "use_cineon_log": 0,
                        "use_jpeg2k_cinema_48": 0,
                        "use_jpeg2k_cinema_preset": 0,
                        "use_jpeg2k_ycc": 0,
                        "use_preview": 0,
                        "use_zbuffer": 0
                    },
                    "is_baking": 0,
                    "output_type": "RGB"
                },
                "Normal": {
                    "Alpha": {
                        "name": "",
                        "bake_type": "",
                        "color_space": "",
                        "shader_output": ""
                    },
                    "Blue": {
                        "name": "",
                        "bake_type": "",
                        "color_space": "",
                        "shader_output": ""
                    },
                    "Green": {
                        "name": "",
                        "bake_type": "",
                        "color_space": "",
                        "shader_output": ""
                    },
                    "RGB": {
                        "name": "NORMAL OpenGL",
                        "bake_type": "NORMAL",
                        "color_space": "Non-Color",
                        "shader_output": "Material",
                        "normal_format": "POS_Y"
                    },
                    "Red": {
                        "name": "",
                        "bake_type": "",
                        "color_space": "",
                        "shader_output": ""
                    },
                    "image_settings": {
                        "cineon_black": 0,
                        "cineon_gamma": 0.0,
                        "cineon_white": 0,
                        "color_depth": "16",
                        "color_mode": "RGB",
                        "compression": 15,
                        "exr_codec": "NONE",
                        "file_format": "PNG",
                        "jpeg2k_codec": "JP2",
                        "quality": 90,
                        "tiff_codec": "DEFLATE",
                        "use_cineon_log": 0,
                        "use_jpeg2k_cinema_48": 0,
                        "use_jpeg2k_cinema_preset": 0,
                        "use_jpeg2k_ycc": 0,
                        "use_preview": 0,
                        "use_zbuffer": 0
                    },
                    "is_baking": 0,
                    "output_type": "RGB"
                },
                "Opacity": {
                    "Alpha": {
                        "name": "",
                        "bake_type": "",
                        "color_space": "",
                        "shader_output": ""
                    },
                    "Blue": {
                        "name": "",
                        "bake_type": "",
                        "color_space": "",
                        "shader_output": ""
                    },
                    "Green": {
                        "name": "",
                        "bake_type": "",
                        "color_space": "",
                        "shader_output": ""
                    },
                    "RGB": {
                        "name": "Alpha",
                        "bake_type": "EMIT",
                        "color_space": "Non-Color",
                        "shader_output": "Alpha"
                    },
                    "Red": {
                        "name": "",
                        "bake_type": "",
                        "color_space": "",
                        "shader_output": ""
                    },
                    "image_settings": {
                        "cineon_black": 0,
                        "cineon_gamma": 0.0,
                        "cineon_white": 0,
                        "color_depth": "8",
                        "color_mode": "BW",
                        "compression": 15,
                        "exr_codec": "NONE",
                        "file_format": "PNG",
                        "jpeg2k_codec": "JP2",
                        "quality": 90,
                        "tiff_codec": "DEFLATE",
                        "use_cineon_log": 0,
                        "use_jpeg2k_cinema_48": 0,
                        "use_jpeg2k_cinema_preset": 0,
                        "use_jpeg2k_ycc": 0,
                        "use_preview": 0,
                        "use_zbuffer": 0
                    },
                    "is_baking": 0,
                    "output_type": "RGB"
                }
            },
            "uv_layer": ""
        },
        "name": "Blender Metallic"
    }
}